-52.885850,-1.711545
-26.254797,5.067041
22.943270,-8.155804
4.026372,-7.362242
-3.696324,4.619143
-12.741149,20.094893
-19.796326,19.986261
-3.790953,25.812285
-12.272772,48.089986
-10.558564,-4.042701
-29.018290,-18.965732
15.139629,-19.081155
23.808465,-36.210844
14.894033,27.937885
-13.824439,-3.328295
-24.998681,-27.935149
-22.852391,2.967995
-41.402948,-9.245214
-3.251320,-2.147890
-11.249202,2.320834
19.011444,3.477577
-26.493293,-9.906692
7.213754,23.478437
-12.948488,-22.533211
-3.100602,5.728538
38.335077,-2.585491
-0.963871,-22.552203
5.655959,-28.600685
37.127918,-10.770302
21.778282,8.691317
-31.129367,16.520170
-15.303496,-27.559298
-28.851450,12.838438
-27.884014,4.815202
-3.398014,-14.346738
-13.153904,0.847629
9.744014,-8.577061
2.101848,-10.612301
-8.654249,20.470898
-30.087891,2.873648
-18.606249,-7.687096
-18.279171,-3.418438
-11.541781,11.029209
13.125990,21.339309
-29.678048,19.486843
-18.433821,-1.779422
-20.371900,3.472452
-18.395727,17.952175
13.817849,-0.309569
6.941526,17.608334
-2.140768,-4.543663
14.770820,-10.925457
13.593201,-3.539679
-24.554620,40.805966
-7.823020,23.225192
-1.087587,10.852396
-40.006935,-0.523433
-16.617389,1.510644
30.099319,1.722464
5.331072,14.556975
5.370718,-7.218736
-0.456669,13.879504
-8.324904,-9.137062
41.649277,11.117488
-36.198645,43.319323
31.908719,-5.680986
4.212885,7.918996
-14.018625,-3.418605
28.860379,-20.882392
-16.373322,-8.097827
-14.231545,2.817179
15.963631,19.330089
-2.971393,-13.364196
-8.247532,-48.277265
19.809370,0.658679
26.226622,-18.742593
9.325871,16.177143
-2.507723,-39.336622
-32.438451,15.135763
7.915677,10.239686
25.554054,5.497112
-37.608912,-15.749178
-3.675224,19.118177
8.060646,1.649870
11.213689,-17.264015
22.670688,0.035699
19.079076,14.393556
-20.004552,2.443723
-26.544425,27.248838
30.107343,11.454694
25.259492,11.472626
6.885935,20.993654
26.554078,32.838569
46.630811,22.218611
25.853389,-17.044814
19.211893,-28.271277
-9.935671,-13.844278
31.934805,-7.280204
-23.358845,17.644421
-12.949298,-11.203572
-8.060968,-4.024821
-5.709304,37.079904
-13.922440,15.779132
-16.054380,5.443923
-37.537479,-35.766511
17.023110,-14.911858
-17.705364,-32.218264
-3.750765,6.954958
13.733312,4.362890
-0.728278,-0.924707
-4.940857,11.073732
-22.785275,18.610474
9.015597,-28.539571
0.477487,-3.235216
-11.225451,-34.710169
-16.256356,9.251767
8.430481,-5.831165
-33.949316,17.446999
-21.029438,4.198983
-10.542943,-33.898458
17.092456,18.720279
-5.835984,-48.609333
7.925094,12.766199
-25.604716,-23.899721
-27.668174,8.026787
2.174506,-26.707973
-19.718698,20.632703
23.235567,19.658905
8.879410,19.611219
-0.376170,12.859587
-0.776151,-14.285737
4.716815,-18.778655
-33.912986,0.808611
6.104023,16.594128
3.684663,18.764093
17.054131,5.833069
-28.134905,-38.735306
39.554537,-28.587076
-10.259561,-18.498757
20.312689,11.439949
12.276078,2.679796
-19.140662,1.123036
22.723689,-11.756050
-12.710369,22.025964
-10.113325,-4.992739
-7.950939,-39.223583
-46.991187,-40.393338
25.503780,19.995845
-14.404800,16.525196
1.824295,-25.106894
10.748359,13.588194
-5.375578,5.093063
25.343157,41.058167
33.093916,-30.077411
-3.816763,17.659934
-23.499046,5.056079
-53.910502,2.595718
18.770072,11.122927
28.889514,4.339672
23.400558,23.218956
0.470828,46.585665
9.664211,3.392619
15.457213,16.895777
11.859132,-11.535743
-15.390122,-14.430642
6.662858,-40.514403
-21.129137,6.217471
-11.839129,-12.795192
2.418149,28.212079
9.226308,18.517581
2.349081,-21.353944
23.943986,-34.275826
-2.546546,-33.051273
-39.188676,13.324065
32.645339,-6.486767
-28.770818,-32.413680
-3.263607,13.213842
0.095453,-16.502994
32.585405,25.982055
-26.177630,-8.357224
10.138194,26.212631
10.554066,12.890831
31.722758,-1.535018
-0.199620,27.477161
-42.763617,0.996161
9.492641,-15.545009
18.287385,2.069923
10.744760,-0.174279
35.961099,-25.464117
-12.829092,15.951537
-13.264553,8.246790
44.047636,8.168084
13.910438,-2.866436
-32.804639,-30.095006
-24.064188,7.030486
55.454250,-20.185013
-14.718679,10.960579
-1.513533,9.660656
-3.906106,-0.338731
-23.451196,1.166587
-8.215604,5.106495
-10.976064,41.495238
13.725554,3.576568
20.510973,-30.337105
26.891999,-13.075457
13.087239,-39.598833
15.620735,10.629653
-6.631264,22.264176
3.249551,9.239306
-6.816558,-38.494685
-9.775140,-20.862263
13.152963,51.556737
8.031066,20.544175
25.777984,9.131322
-33.728472,-38.709002
-11.889933,15.678153
-11.037012,13.839721
-4.244569,-27.756569
-3.795395,-7.602159
21.307902,14.555996
5.976850,15.972410
-8.967164,-14.109087
-7.486694,36.493489
-2.382613,-24.388020
-19.629217,-9.204098
4.846423,6.077687
19.995310,5.783584
-12.493438,18.996699
6.220707,-31.140841
27.557946,-6.288451
36.749496,-13.147693
8.858057,17.247426
-2.665638,-14.795273
-7.158631,0.130667
20.160731,-36.523977
8.164176,-22.435781
50.864683,-9.072168
42.641104,18.559498
-1.968719,20.954305
-5.702917,-5.921187
4.764506,16.639835
2.118888,3.141146
2.956908,27.017572
-18.139573,6.478096
-0.064847,14.003731
20.661814,23.465830
-13.055340,-3.198057
-39.728036,14.062772
-48.233185,-35.018077
43.726669,24.021555
-22.351606,-21.150510
3.588128,7.996890
45.570612,19.838716
-18.139174,-8.156821
-9.605650,27.314415
21.899500,-9.285822
34.331230,27.144980
6.905800,-48.390192
26.905009,-4.729211
30.175348,-3.155504
2.648249,-3.845403
-31.965710,-12.586411
7.064883,-13.713379
-0.993830,6.300697
-11.292225,9.217851
-9.298139,-30.168430
-17.644347,8.857911
-6.541091,8.142557
18.748001,3.255879
4.132866,1.453081
-4.895258,1.513945
17.800766,34.177222
-9.152540,59.699026
-24.676406,45.104560
12.744332,-4.211092
6.455739,25.076442
-16.867350,29.026844
-3.114496,-10.007235
-4.628717,25.090670
-21.942325,-12.340227
5.301867,28.018116
-1.824470,-25.040450
-9.928905,-10.276698
17.128949,7.705048
-31.137499,13.973928
-3.271749,7.764349
-21.525990,-36.220655
19.043818,10.545632
-19.117849,12.890904
-9.857948,9.640463
-17.815836,8.502219
14.337330,-17.167813
32.175493,27.880524
19.893033,9.949754
17.577231,1.297306
-40.129375,7.912141
-8.951286,13.769417
-17.396776,31.707578
-37.429608,-6.816410
-5.511568,18.726064
41.882996,-11.032501
26.554562,31.253914
24.681458,-3.711360
14.005362,22.736930
-38.867521,26.346371
-14.981766,35.568912
2.019056,44.639713
-22.127989,19.006878
8.370510,13.309317
-1.534011,-22.212421
-10.795568,-10.914069
-3.894732,-6.226335
5.180490,-1.924123
1.010952,-25.814543
-23.132041,1.221507
10.329733,-5.338848
40.237124,-18.073796
6.849049,-13.615611
36.461474,17.481616
-15.179560,-34.316344
-10.527428,-11.930326
-13.153647,6.926583
5.019069,-38.940944
-25.494713,-33.133925
-32.473924,-6.151896
31.005663,28.398250
12.979061,20.625436
0.265620,2.434515
1.170501,18.584930
-18.878734,-22.654922
-16.694481,16.132852
-9.904816,3.797491
-16.041760,-16.058561
12.931411,10.744583
-4.104173,-10.070442
36.682357,8.537658
7.039244,19.507390
50.021290,12.809060
-23.809569,4.987577
-22.533576,27.706837
9.430125,-12.844797
-16.441098,-7.529449
1.923033,-33.942088
15.269795,-18.810962
-12.792708,-28.099694
-19.140748,7.589693
-17.890955,-8.353749
-1.247998,43.297404
3.504448,4.403777
18.653904,14.908510
22.882272,7.774551
-44.304711,10.821991
5.408655,0.570691
13.567318,23.918026
17.501791,-37.979750
-12.674987,-16.010579
-34.459049,-29.018127
18.710770,-3.994988
-0.372452,28.311478
15.303621,26.786947
5.790745,-18.871799
48.822611,3.947394
19.994629,49.802011
-23.208791,-8.939644
8.242364,-13.208030
-17.971927,2.381252
3.192336,-18.374348
2.415636,5.646792
-4.014124,13.972916
1.445144,-24.302340
-5.890078,14.482592
15.420513,-17.170165
-3.765052,4.536905
26.552753,6.072933
18.747876,21.344416
22.336009,-36.468392
24.679271,3.366530
21.702932,5.288442
11.749208,32.174751
6.122256,-2.993850
13.024761,-17.323213
0.224121,19.953115
-10.785277,-22.077165
-6.623834,-30.110974
-10.964631,55.115948
4.611497,13.197003
1.300660,-18.658620
-43.548530,-6.723118
9.617565,-38.241260
-10.683588,30.136807
25.102728,5.278583
6.666057,10.159747
-31.228117,6.078562
3.702491,-9.352831
-8.271840,7.039527
37.735277,32.451336
4.222589,-54.062899
-31.101635,-1.385165
-16.557543,9.707984
21.292309,5.040931
-19.239126,45.948758
50.641630,-26.386535
-19.735137,-1.731860
-21.366027,0.219519
-21.784342,-4.953250
-11.348493,-40.827104
-31.963570,27.063078
-7.328804,15.404203
9.995606,2.122897
6.360938,-1.056930
16.865182,9.177838
-4.724605,-1.159657
-32.307037,12.529283
19.267343,-37.670537
10.581208,-40.545174
1.227974,4.414603
2.437733,-27.560134
26.578126,13.559428
4.630462,4.241748
-25.256075,-13.252094
11.964889,19.706834
16.226302,-2.182259
-21.174258,10.799738
-13.945720,0.410911
23.509860,3.127758
4.224947,8.085416
-15.689871,-4.939768
15.447694,-4.049669
14.621770,5.514638
16.393786,-3.964015
-13.084118,-20.475333
-39.304350,14.208708
9.460604,34.106253
3.478591,-26.914292
31.501388,-4.429098
-6.692522,-21.252697
-14.707638,-17.824719
19.091307,-36.336991
9.952162,-18.118737
-16.451221,-22.852971
-46.167292,-15.194853
25.280012,10.300301
-18.510430,44.459295
38.504300,11.383302
-15.333301,-31.774361
62.172191,4.569743
17.336159,-5.594606
-25.923707,-0.705004
12.776030,-15.638386
-11.525488,2.946460
10.238299,21.054855
3.150974,19.540624
0.493818,3.070990
-16.048930,-10.284687
6.815749,-6.222526
-10.811894,31.054292
-14.537634,14.651435
2.270929,3.598401
29.909642,3.282446
-20.218786,13.398548
16.490586,20.300015
10.281221,13.437499
2.383178,12.415971
30.783335,-6.790327
6.351640,-15.098256
29.020238,36.843282
11.844077,-16.184718
14.610077,-11.461424
24.197010,13.581900
35.476561,-43.293305
9.040384,18.648530
5.918018,29.909444
5.406776,-6.678134
8.321553,-33.675377
14.777410,25.454873
-9.992726,29.975521
13.622095,-30.199087
-1.688246,13.141356
6.814232,-33.042122
-4.498160,16.348908
1.938447,-25.165992
-6.575345,7.154328
-0.977305,21.574980
37.159736,5.958398
8.083878,13.300693
25.383952,-37.777225
-14.741755,-2.392013
-35.190029,6.380451
-20.392121,-33.626505
5.132440,11.789551
19.578936,-0.127556
-16.709539,6.340067
9.774464,-13.738688
-22.091383,-14.021313
14.745017,9.624298
21.164912,-20.434468
-11.549237,-21.057498
-14.244659,-10.196604
3.176867,12.358048
-1.632059,18.899621
11.416138,0.580347
-7.473564,-14.589901
-16.318031,19.380225
-14.899252,9.292822
-13.269223,17.686820
-7.874237,-16.790889
-26.279398,12.499740
-26.250972,-1.218541
43.184802,-2.002092
-3.517587,0.088819
-27.976090,-36.169224
27.252880,-2.627603
-4.813758,-16.749929
45.916866,4.987531
-10.652469,-5.947867
-10.243970,-31.541373
7.007483,1.883047
-19.541688,-33.104358
-16.884976,17.152166
-40.325545,-8.023799
-50.747090,-18.426320
-27.480793,18.110694
6.526443,-29.171470
18.792070,1.427778
24.299000,-5.347703
-17.771204,-3.842440
5.720953,2.980692
0.863504,-10.276599
28.045085,-4.031887
13.089795,4.867787
4.291064,10.641617
-4.846167,31.792012
2.693831,-9.255699
1.988862,-17.873746
-34.009921,15.401146
3.446668,-35.859677
30.974238,-7.101695
16.224389,49.060493
38.032411,27.131186
8.148020,33.759591
-5.588026,-16.938400
-4.386191,9.151740
4.587389,34.782985
-2.700455,-12.212679
-29.007273,57.234291
13.516586,10.130837
-2.721443,33.073933
17.626686,32.736245
-0.066031,19.587195
18.103273,3.881199
19.021547,15.052118
21.928533,-20.649879
-8.255534,-25.807577
-24.631819,-3.657213
-7.101779,17.574039
5.851061,-2.847446
-67.340019,8.502584
21.187467,36.981912
-1.799154,50.519636
-10.750612,-33.195301
15.195545,7.114848
16.443043,-16.909073
63.448512,-33.346066
-22.026622,-19.104022
-14.164729,-20.059745
-13.189682,9.100942
4.765331,26.081732
27.632157,-18.131658
-9.619165,7.164547
22.575375,19.601021
-25.654337,-12.859949
-10.149546,-25.945492
0.240181,19.783416
19.628157,31.751663
-20.361600,39.078049
-21.470727,-7.117514
5.658711,25.654060
3.816165,19.935231
30.530052,5.948294
12.231985,-21.117170
-31.222593,29.999957
-28.630582,-0.883938
28.828688,28.949812
-22.278173,4.897331
9.504198,-13.483992
32.045241,18.228496
0.421687,1.573894
22.808820,17.972344
29.445830,10.236699
-11.812304,-20.495767
22.346059,-0.935031
13.913088,-26.784846
-5.760352,24.136201
21.231727,-47.679219
4.185384,14.871390
11.814664,-8.766880
-33.871572,8.411479
23.553068,-27.794602
-16.113086,-16.243017
1.688040,3.959603
21.316618,12.853630
16.984553,5.380161
4.198482,48.439137
-2.322003,-9.473763
9.453573,8.720695
11.487930,18.173705
7.064053,1.245362
-52.893362,48.917203
50.376273,-20.826291
2.555827,-3.084982
-6.400944,-7.967356
2.255925,-6.616892
-14.568874,-15.156416
5.164857,-10.371268
-2.686227,-5.585559
-30.030438,15.207494
-3.636729,-7.857353
0.168874,5.840787
-4.767667,-6.398454
16.115146,16.409594
-2.255897,-0.532388
7.366306,-1.925030
3.770352,-28.221362
13.248898,-8.423300
11.174934,-18.414355
-0.228907,6.721279
3.671353,-7.453023
0.156554,21.913895
-8.518462,-23.408464
1.934677,-30.374648
-8.793320,-16.972459
6.173349,13.957507
16.271315,8.789673
15.012539,13.029408
23.082333,-4.949939
0.933869,4.444295
-3.899941,13.559281
-11.558458,40.208814
42.291244,-38.751993
35.777094,24.334159
-1.907125,-3.643143
10.475389,25.917834
-26.260390,-20.352817
-11.779545,-13.431098
13.020836,17.653353
-13.225437,6.905481
-9.759247,-7.225375
-0.350046,-11.872946
-0.253967,-10.739323
10.349805,1.750966
-28.221979,11.421399
-14.116558,13.682249
-10.024389,17.980550
32.925499,3.180317
-9.100798,-38.759996
-17.197415,11.246279
-13.184387,-5.578948
26.562221,-1.853092
-39.363586,-6.957610
-20.065157,-1.538221
43.525841,6.291411
32.285392,37.915254
-13.340028,11.298317
3.457551,-51.579321
-32.064585,-18.677747
13.412770,34.520854
2.946751,14.487976
8.817765,5.445280
-25.359897,-4.475580
21.751757,19.891719
-17.102868,-4.589797
-12.512528,23.292352
3.422702,-13.468955
13.329431,18.580046
25.973309,44.851485
4.504166,28.110287
-15.631533,-2.650104
1.644346,-39.036276
3.213598,-20.587108
12.438268,-18.400576
2.892613,-12.969294
19.634913,-5.375067
27.589646,19.462097
10.811965,7.842254
-43.556486,-18.514502
18.238411,2.042447
22.940160,7.869002
13.352881,-2.265674
-22.944715,10.403303
-12.584621,-25.177109
14.328576,24.165106
-3.823659,-28.940242
17.669044,-23.684674
-26.735522,1.420644
0.742502,-21.177772
-9.021042,21.080435
-21.701937,-35.513918
-6.413029,22.254640
-29.930026,-8.493430
-2.388638,-7.844344
-6.062055,-19.952347
6.297636,-8.219626
-11.138645,-2.196483
-22.135338,1.388289
23.901925,-7.449364
3.607877,2.574717
-7.899060,-35.625206
12.399486,23.067590
-31.684229,38.160481
-34.448741,6.059208
11.497087,-30.745825
-3.913035,4.403034
7.105108,0.134639
17.753587,2.270352
-27.052390,13.594187
0.869283,-0.808566
-39.655661,12.381557
-20.106850,-18.591926
-28.277532,26.497626
-15.939827,-33.019623
-18.993650,10.273012
-3.592594,-15.590837
-17.821988,-14.341346
21.492869,9.132761
6.801587,8.583361
-6.330903,-17.232562
-5.485938,6.619738
20.042828,8.764303
18.422105,-6.541917
2.785337,2.249596
-16.857423,10.318036
-13.024543,3.148955
26.098874,-10.498025
0.936361,-12.440600
8.612572,-41.536555
-10.983283,-21.173478
-4.946166,14.816527
54.016839,-19.963230
-38.845185,20.907814
-11.588742,1.016167
20.897530,0.846567
-5.760213,1.437070
26.995466,-17.829549
3.820034,4.651247
-10.505305,14.435090
21.488984,28.564836
-20.727796,13.117390
-8.402514,-3.205968
-27.270139,19.076438
21.828576,5.925691
-0.632500,-26.303228
-36.270566,33.658339
23.586566,-11.962560
-26.460673,17.775662
12.542944,-24.024741
24.923130,22.299552
-15.729991,-5.677418
27.930509,-8.453678
-12.654892,31.589120
27.550805,-11.487561
15.702503,29.416682
33.232369,-24.530139
2.307356,7.532395
14.074661,-13.620606
-6.113666,38.284648
-21.589207,-8.975268
-10.712979,-12.203311
6.032908,-34.189199
-11.397076,0.961743
16.765687,-34.434612
25.884887,1.346445
14.371597,-18.083384
-13.336235,-17.474489
4.906986,22.066701
-19.326292,12.860043
-10.555194,37.964569
-20.754992,-25.904640
-3.893072,24.005916
-49.625619,-16.062493
36.858371,-9.469782
2.369391,-0.468600
18.530537,-1.870502
29.815091,16.678233
-4.449654,1.553161
-17.199231,38.900292
-35.395498,3.881925
5.174467,23.693316
-7.863749,7.439690
10.279828,30.091833
4.755528,5.048778
3.518332,1.170523
-10.250046,-2.005994
-15.146454,50.523502
-7.028923,6.157300
-7.872582,-23.157922
20.238841,-20.550594
1.025265,45.866723
19.251209,28.853115
30.678095,-18.506230
-21.039119,-38.112556
-8.349457,20.417370
-18.122400,15.829085
3.040035,23.491923
-0.159172,-1.918867
2.348278,-45.279758
-24.067754,-7.283785
-11.493818,-19.883667
15.867253,23.662334
-36.994477,-6.179967
-0.200595,4.978146
-2.254748,-2.678805
-32.254709,15.934381
24.397793,-2.897394
29.706475,6.065287
-38.109545,-10.414455
21.363624,13.358167
33.704552,6.925057
27.922661,-20.629729
-14.694223,36.414869
2.018615,54.576031
9.295515,-5.313199
10.694974,15.492028
-35.852055,22.241614
9.599499,11.757530
7.478742,1.374242
-33.935008,8.067809
-24.045248,-18.286395
-5.300707,10.809690
29.073399,36.354709
-10.386139,-1.723251
-16.658032,-17.485025
-16.578085,-8.323758
20.088075,1.541791
13.894694,5.547454
-10.047713,45.336177
12.932786,-18.867251
-10.672078,8.470271
30.755143,-15.583896
3.996595,11.749290
25.978601,-14.812494
20.658979,-19.968299
-5.234497,-1.487494
17.710693,25.469464
-31.022322,-5.388526
-47.726745,-2.160661
23.463148,3.131005
6.060909,10.157373
-37.120536,-22.452415
24.172194,-47.295424
-15.639924,-1.698312
28.778171,-39.145943
-7.089859,5.411736
4.020889,-29.267965
0.248463,-24.191571
7.217866,-15.322081
12.333785,35.535478
38.191358,-5.426825
-19.490119,8.197705
-9.474906,-17.468495
16.728257,9.642824
-11.052274,-3.828100
-13.525009,12.580603
-1.440759,-25.111874
6.054640,-9.759738
21.357158,12.709513
0.377632,-9.922504
-34.727250,-11.481284
1.724199,5.140615
-9.338117,-5.128252
-16.389355,10.199261
-34.429172,8.269592
24.559485,-10.115751
1.264939,-3.245739
-0.490977,11.719725
-3.340059,16.362868
-4.284648,-5.495323
11.597043,-25.589514
-1.657008,-8.873826
5.601597,14.741235
9.876528,28.323779
-1.221346,-18.017631
-21.501297,18.428838
39.984714,15.438725
10.937281,32.527303
24.043328,-4.005069
-5.750997,3.133555
-4.704677,13.202645
22.694292,-29.402630
43.484201,-33.793077
6.254340,-19.023270
40.694316,-7.526197
3.202451,57.055988
38.492155,-32.064380
33.333642,-17.469404
-30.122084,-15.360115
-1.172658,-1.408168
9.242312,-7.740624
0.583742,-2.894254
3.249431,32.145181
-4.943007,-28.922231
-5.876133,13.953799
3.129761,19.864174
-0.670578,-4.444863
45.152222,-2.212699
7.208974,-17.382657
16.357301,5.646216
27.050807,-59.489462
-14.716637,-30.165266
0.841430,36.225405
6.713485,4.698070
19.697007,13.579361
-20.725323,3.207400
-3.415048,-5.489743
21.588109,-1.778430
16.686409,-13.169058
11.128670,-26.588562
32.972655,11.135176
-2.773369,11.169229
-10.635657,15.246678
4.811655,-44.260137
7.470265,-20.760068
11.400918,7.925786
-11.549414,44.337089
23.795779,22.138217
-34.136833,-12.233612
24.314726,-18.422715
43.537221,-7.833722
-13.136048,19.190014
9.199310,-10.337742
23.643990,-25.627221
1.198564,-2.358180
1.272739,11.458616
-8.243438,-13.752413
21.709234,-14.615427
-39.862390,-3.753076
19.959413,7.205580
8.471368,7.424440
11.594083,-2.497211
21.879562,-15.310803
-4.230733,-0.440516
35.273283,-5.375059
0.056631,-48.451525
-18.545304,-34.568913
31.697150,-11.666173
21.008816,-28.056982
-16.135342,0.582106
9.942369,31.361592
6.951459,16.858430
-38.899923,35.926832
-0.682366,-15.796678
10.205646,3.854757
-4.673930,3.156131
32.144936,-13.786280
-25.024853,-20.081752
-3.026873,-3.054949
38.161312,-9.065791
-20.941704,-38.974438
15.041218,-35.128469
-2.810322,12.249430
10.842703,2.518936
-25.312018,-31.685071
-6.513028,-20.434893
20.851554,-5.375155
16.725734,2.175872
-8.160262,-26.324916
-7.138360,-11.707729
-7.786656,-15.315359
4.437388,38.012198
14.855464,-30.689385
-6.104488,-13.970456
14.465678,-43.844116
-36.691544,5.386082
-10.421392,2.111243
14.103111,5.223717
-30.004675,-20.067499
19.371412,4.037123
8.032816,-21.323132
6.264274,21.683714
-27.094927,-25.131357
47.034770,-20.553054
8.673823,5.251311
-21.399331,8.290802
-23.942925,-4.945899
2.647284,-17.924692
-31.465613,13.949304
-21.654955,-21.059173
-16.825702,-0.828641
-36.014342,-5.272230
-3.261037,25.891381
14.868727,8.728886
-5.377728,1.535982
11.730637,9.416762
5.426046,-0.805315
6.985080,13.491940
-19.035037,-25.454509
4.060144,-8.949990
19.706802,-28.761603
-9.706128,-21.163300
10.367210,15.172518
15.874742,1.688305
-28.511703,18.414695
-6.390353,9.596190
-2.590023,11.790745
-6.231555,-36.249351
-37.905461,-7.262731
-4.845218,8.775160
-14.814589,1.025596
3.590054,-22.797794
-16.282920,-25.674609
25.066163,6.275913
11.189130,-10.450888
11.439516,15.230712
-19.614518,0.217192
4.664202,-32.068858
42.554522,-0.753777
-14.145696,11.922213
-5.570406,-33.982841
19.455670,24.139305
0.478266,-18.047846
11.166342,5.390109
-43.172782,-29.589532
-7.168102,3.230982
-10.193149,-13.400318
-2.966957,34.083465
18.018633,20.505332
20.723833,28.341270
5.947108,17.506770
7.040449,-15.429171
17.980963,-8.415070
-23.516366,-4.867892
27.748301,-5.108373
11.342516,-0.395056
-10.275765,16.143536
0.024770,15.633185
8.558201,-9.691009
-0.637656,27.433509
19.026256,23.165129
-0.179101,4.973530
7.637614,-12.519408
6.349819,-24.308590
-18.042417,1.545799
19.347481,-4.871639
27.919985,-10.231589
5.140638,43.395874
-14.652774,-36.383077
1.865342,5.164985
10.020180,-10.291194
-10.291434,1.024892
10.419913,14.759907
3.131042,-8.045683
-21.826836,15.044331
-44.848175,35.492495
-38.759626,21.825663
13.105817,17.587408
23.936652,-29.877288
-32.415113,-23.802001
-6.332419,-5.661341
-7.916860,-11.829859
37.394766,-9.668570
-20.302951,32.256006
-21.301223,-23.176691
-17.554992,16.223730
-25.440899,38.389901
3.112128,20.615178
5.849723,10.986915
-21.973118,-17.634431
5.348024,-28.747885
20.314540,1.557047
65.337172,-5.608447
-24.099263,-4.813730
-3.522382,-11.512427
9.838591,-8.179338
-7.696374,15.209260
7.703945,3.403379
3.966277,28.790047
14.274953,-0.138441
4.612068,-13.926654
-3.730932,-27.859785
20.286143,20.373379
21.423909,-8.048264
-7.504292,20.757751
-18.943104,24.282523
-39.048334,-33.006073
15.240350,-11.665061
-32.315550,2.096747
-14.293742,2.119256
1.071880,-29.046802
-10.120750,-5.028889
-5.694772,-22.638613
-6.650408,-1.496220
-33.894657,2.377700
11.795605,-16.925810
-16.871954,20.294274
44.830523,-2.452330
-32.198658,-16.753084
28.809191,-9.513234
9.742226,9.269105
-12.966861,-5.834385
-13.312606,13.172801
-43.348702,23.036323
-30.453266,20.339232
15.544051,8.496036
-36.763515,-37.009916
3.850120,9.832314
19.027116,39.330161
-28.899786,7.083375
-8.067887,-18.184161
-18.545249,-19.474632
-32.798378,6.841170
12.118255,-18.038271
-17.801907,19.296695
8.359507,2.485332
23.339633,-27.052921
-1.302872,11.606439
43.565871,-29.997115
-4.257924,17.623445
-2.576124,0.603370
47.832425,6.223501
-24.972942,33.006902
-7.087097,-1.793659
5.328948,16.685079
-19.043176,-8.603297
14.918912,-3.076392
-10.856157,36.231919
28.185273,12.629248
11.004946,29.570585
16.293651,-17.548869
-23.327119,-6.384735
15.393121,2.606745
2.540297,-9.836337
15.709613,-35.488825
-20.340270,8.345716
-17.177446,5.861135
-29.280712,14.901589
3.756908,20.733578
43.271996,-3.548090
24.994881,1.081325
17.255649,-13.040025
8.371801,-6.799385
32.004290,-20.533180
22.428940,2.333541
21.597044,-15.521673
4.210968,-4.383777
-42.728834,-20.701685
21.056494,-12.439098
-11.200853,0.372667
28.980494,11.883238
5.999073,25.859242
2.231079,11.531506
5.733026,2.837760
27.589533,-6.212660
-21.978086,18.334165
-19.983458,-25.504061
7.631145,-5.035682
15.076519,-9.155693
-23.239945,-8.696045
0.072158,5.803383
5.689813,-12.604639
-15.813694,-7.843272
-23.141408,-13.062355
-8.441131,-11.632194
-5.973953,-6.175361
2.260908,-20.513755
-1.887949,39.207797
5.430307,0.389284
-23.025287,-19.978670
9.436194,-24.624831
24.046669,8.499718
0.429135,-5.648016
17.177790,-5.954619
-3.450949,-57.798397
13.687067,-33.223453
23.741731,4.526156
4.119278,2.695313
24.314119,-24.406679
35.684560,9.627989
4.065960,10.018350
-1.618308,-18.483607
-7.708495,26.262146
-42.957893,6.480776
9.483902,12.648943
21.516331,-1.686588
17.757480,16.984508
-39.211514,9.354045
-7.279579,-5.991313
24.636447,39.973964
19.863911,-8.374772
-7.308152,-31.467829
8.970969,-11.848120
-6.810050,-24.374044
-34.233898,10.853577
-22.098060,-0.604711
-24.343311,15.958642
30.190393,14.257616
4.308914,20.864884
-0.547850,-3.696914
18.367095,-16.785633
18.981135,54.236308
-46.573217,-1.937228
7.107957,21.664990
-16.533470,11.371238
16.171758,-13.069271
21.773104,45.014440
-10.291216,59.688406
2.015221,-0.743821
22.080509,-0.427150
-6.930191,-24.412493
-15.575062,-26.491427
-5.257224,-15.598170
10.619081,-4.242017
5.749551,2.524937
-23.856027,6.091304
8.522483,-35.707408
20.141986,-16.294110
-2.560168,-6.249136
14.580013,0.646398
-1.182152,13.461444
-21.815158,-10.083561
16.600567,13.704793
-31.046972,41.308723
-14.269041,-1.507638
-3.292298,-1.826087
56.852008,12.138297
-9.506445,42.738972
-24.584910,-0.460066
3.389299,-13.381096
2.706986,-14.134659
13.284351,-6.973473
42.189313,-4.145313
-2.342704,-44.021799
2.814081,0.109134
-5.750010,-7.599164
-4.710452,22.945005
-13.439578,-2.665372
34.656111,-4.594969
-7.220324,29.305609
-14.940389,-4.129379
29.877760,27.098616
21.220111,-10.725559
30.315273,24.885176
21.961094,9.411167
4.824227,-2.834231
-18.290335,-9.635336
-46.565096,-38.942145
2.712356,-3.809842
0.868413,14.070334
-1.982233,11.923951
1.131078,42.054789
3.060431,-22.375768
-6.231197,2.990499
14.754868,18.179450
15.584279,33.696260
8.082949,-3.973269
-19.603634,-39.660071
16.451090,26.018670
15.989462,-8.034374
-14.337204,-2.508647
29.290406,4.220975
3.900025,17.622993
20.090015,16.475885
-36.862190,31.723302
33.242268,-14.376198
-4.364393,-28.322099
25.966155,16.477313
37.179787,6.251691
-30.765140,3.989363
21.884687,19.184676
-7.860685,0.123848
10.922783,29.147411
27.341465,-7.175622
-20.204554,48.656268
-3.292352,-14.038258
21.332609,3.471864
2.646252,-15.225039
35.843176,-13.326752
-13.025313,-17.267945
-26.805245,37.267541
29.809096,-0.291279
-6.716843,-5.050285
-6.974976,31.280183
14.382611,-15.032251
-10.997723,1.993308
1.039681,-40.258264
6.267876,25.576882
-0.016991,-13.677146
28.423054,14.945936
-34.201310,22.124528
-13.482064,9.590111
8.651220,-4.947362
-7.513868,8.260587
-20.590314,-17.736544
-6.583667,17.623092
2.818425,13.629768
5.512609,29.375622
22.479920,0.489238
-7.568314,-16.607566
47.402433,20.296794
-26.766625,16.302557
-7.211870,-35.138047
13.833261,2.599387
-9.984098,37.529788
21.902592,-2.039875
-24.546994,28.010437
-24.886406,-4.192645
-12.279603,-17.480954
14.405915,-24.938134
-18.044443,-12.297811
2.680960,-20.760896
-45.317491,17.022666
22.248281,12.205880
19.702601,-20.177537
-25.871781,-17.749280
16.303100,9.931937
-12.522601,24.150407
8.463620,0.382172
-3.964060,-33.805679
6.497769,-11.230481
21.535120,21.266404
-25.980707,-9.248378
10.190894,13.419763
-25.830588,41.827756
-16.341182,-8.226512
25.179201,43.054058
-17.158208,-15.443951
-29.750899,-39.062469
13.856712,12.095922
27.604428,6.764838
16.241798,23.263885
-15.501944,24.274659
49.697299,2.188103
-0.744451,11.402745
12.752332,-2.718297
12.434855,-11.132749
-3.522515,-5.704613
-22.607062,15.597103
-10.769828,-12.261115
-33.457729,-24.363614
-8.601405,-5.968742
19.015494,-19.970153
-23.505201,-0.056893
-27.438402,-5.900587
6.934249,-19.829468
-20.288087,-23.721795
-33.665620,34.895339
-28.328332,-9.291456
-2.546173,16.102992
8.182200,15.117922
-41.838537,23.021881
2.811353,11.175977
2.466776,-5.378173
28.348375,10.821809
-12.327623,-0.288011
-14.594019,13.151853
-15.293186,-11.907070
3.514105,1.982377
-11.165898,4.213933
4.567042,-11.561252
-11.132693,-30.392524
-24.987856,0.077182
8.525525,7.876220
0.773673,-3.973528
1.114293,-46.927168
-1.265546,-23.762215
47.929432,-35.896892
22.295670,-9.048005
-44.697885,15.764051
-7.332580,35.526353
-16.319877,1.935558
-35.280551,-25.464967
-13.405582,-2.614613
-4.575194,-30.216906
-2.245287,-2.801839
-16.624173,31.368929
39.412875,-8.640414
44.244476,-22.263132
-23.878964,-14.272188
-13.349551,-3.316663
0.731275,21.134911
16.388803,-0.877742
2.770665,-2.404265
-22.782081,32.445696
10.411229,25.688016
51.979600,20.777193
-2.902932,-2.482318
-34.009143,1.076884
-15.091188,-3.782453
-25.988304,5.808625
-18.301926,7.082220
-31.370187,32.551726
-1.224733,-13.934717
-10.541554,-29.163489
22.377630,11.595422
-23.037309,-21.296823
-24.666669,-6.350281
0.666351,-12.402374
-53.450784,7.603982
12.625399,-13.365802
-13.154413,-28.928281
-3.635246,5.182097
33.031039,15.506315
-3.961731,39.989683
-18.112601,22.791407
-1.172831,-12.731793
12.286015,-16.045527
13.107989,-2.195954
20.470375,-72.065746
31.202818,-4.943348
4.247766,11.945956
-9.297194,-25.324014
27.355999,-18.030151
8.641461,17.590023
-7.244704,-1.558672
20.340716,5.176127
-3.811405,20.158038
23.801764,26.434991
20.499491,-5.207222
-23.222699,-0.127931
-4.797448,-24.132434
-2.205826,-1.655943
12.159934,-24.252398
11.262356,7.576929
-19.079696,-4.514043
0.574622,-41.227019
-9.717386,-0.297793
19.434305,8.793599
-39.647149,9.575306
-6.986778,-20.803225
-1.046665,-6.436392
-0.728941,14.428728
-26.458195,-5.969417
12.192268,8.604169
0.754095,10.025334
-18.496306,-40.123571
18.395266,32.506203
-10.126163,-9.720951
23.432464,3.316589
-20.068274,-3.070655
3.671374,-7.973805
-4.755443,-7.544978
4.948337,10.420536
-33.802545,-17.750668
15.436794,12.580934
13.066533,-19.499508
-17.361249,23.940903
-12.909772,-1.411219
12.498954,-23.229740
11.407230,-26.826056
-17.232216,19.545848
-0.959737,-1.470113
-23.075691,-19.502215
3.835976,9.118808
36.081540,16.808817
3.610287,8.550247
-35.017270,9.516605
-6.404407,-29.118929
15.436070,-14.437750
-12.790835,-21.198849
4.587975,-24.427333
6.348333,-9.559908
-3.110650,-7.586108
10.969454,-14.045695
-18.512960,-2.907117
12.537568,-18.746083
-15.108905,-6.850246
-8.675938,-4.009211
-11.198914,19.537629
-6.879309,14.024853
-18.648880,-5.871635
-12.533701,37.208184
-9.140664,32.693994
-30.070919,-20.378066
-20.055427,-36.778568
10.062848,-33.010923
21.974903,25.282982
-7.328979,-26.378233
0.482799,4.186300
-4.704079,6.015867
23.098483,-34.499958
20.514553,-29.711980
37.256548,-22.421290
12.195336,-13.550092
26.195494,18.320147
20.514044,-25.552053
-18.007736,-19.052907
34.380294,5.950727
-44.556292,6.942049
-23.941478,15.114013
32.111207,-2.411696
-33.240305,-11.160941
-5.709833,10.753139
29.444900,-11.735071
-17.200232,30.767184
27.340372,-16.689789
-16.879045,16.271259
19.301351,11.219452
22.561287,0.166685
-22.303036,14.965713
5.134638,8.299887
-20.021420,26.992335
35.477017,-26.691749
13.647248,32.166577
9.229689,-28.518102
22.140796,-3.895061
22.138305,-1.729781
7.437843,-3.782444
-41.113115,7.209617
-12.793154,18.068977
14.624886,-16.692215
-8.890070,-27.455542
-6.823046,3.903259
-0.034263,0.686363
20.354246,-41.308117
-16.207028,29.740980
-8.757662,9.876013
19.916395,-17.038360
15.071723,15.574987
-11.107711,-19.785129
-31.453166,15.685383
9.816135,8.364991
-73.650264,-2.534250
-17.267997,0.313204
-23.316237,6.747878
30.630647,8.785892
-33.065063,20.553776
12.971510,-20.474153
28.084615,21.445071
8.983429,15.373179
8.880423,10.258330
-17.109896,6.001496
22.101053,-27.105966
-5.612371,23.912206
-8.943085,-22.593456
1.343128,5.226163
-18.453867,25.882862
-8.895111,-15.428756
23.682473,19.092340
4.386623,-1.204292
7.912191,-15.991689
13.466444,22.597242
17.568789,-16.572042
8.539754,-10.718121
-19.152761,46.282754
19.109376,8.317819
-12.292738,-0.805402
7.243825,-15.442674
6.048409,-30.599954
-3.510231,0.391268
-1.449568,-21.210233
-11.972650,49.725575
25.748610,2.049154
9.856359,-0.589530
10.457769,14.569746
5.172859,10.450699
-12.701916,-34.175820
-2.773368,10.859418
-3.346565,27.207504
-12.327886,-7.184949
6.735934,12.086666
-41.340742,17.245428
19.888776,27.710232
-13.525811,2.491743
2.809068,-34.651040
-20.932170,-26.686802
11.471444,-13.992435
-18.190652,8.106860
-10.503335,-37.967552
-4.184474,0.173615
-13.948676,-19.508937
6.452171,-5.277786
26.269102,51.810465
-14.410711,-29.247006
19.379796,-2.102290
-14.051527,33.289326
-2.439255,-21.308643
-21.826691,37.814574
29.118330,-8.420148
54.916990,-45.165150
1.985487,-1.849276
19.942200,-15.978727
-12.832477,-5.783235
6.027249,-10.507652
-12.967112,-7.217673
41.340245,3.946187
0.636011,-9.756798
-6.080324,-19.052675
14.210467,28.955029
4.344174,20.906541
-13.044637,-4.037905
0.165162,0.382277
19.961253,-34.638524
-20.377339,32.706765
1.233786,-27.117212
13.780243,18.949830
6.383461,-5.840027
-12.619786,32.014702
-11.462472,-14.137513
-10.578599,9.575591
-30.288092,12.107088
-5.597737,46.147217
-19.493960,16.206667
11.704867,-12.823905
37.998810,39.951358
5.262345,44.302439
18.930653,-18.853783
-5.091780,-26.373258
-44.404902,7.330968
14.625481,9.363573
-4.577507,30.789832
4.063777,-8.378252
-25.994248,-17.196013
-13.473198,8.735219
-3.146892,-46.011526
-5.680426,-10.315540
0.754543,3.861331
-45.529305,28.982289
19.171326,-33.785929
18.986000,13.688068
1.481504,26.809860
29.117753,-16.045384
-1.411002,1.728940
-30.629016,-3.965384
-14.276486,14.578863
24.437875,29.908956
-29.188223,2.528122
42.570808,27.075809
-15.424443,14.138717
-6.935218,-34.214961
13.039597,4.836668
3.276328,-24.778244
18.945104,-3.362887
-15.921128,-17.654474
-27.344752,17.326405
1.895758,-6.813407
-35.664662,-3.790707
17.045655,8.407154
-4.512852,13.727724
20.034413,19.304329
0.102831,-33.733234
-30.196866,17.342220
-19.261884,11.309785
21.132974,-34.391304
-21.192939,-7.709863
0.456873,25.673973
2.258752,0.790953
-20.213232,3.761100
-31.163423,-12.495184
-3.634839,-3.035027
38.373035,10.889553
-14.113002,-11.086655
6.660899,-11.442912
31.836953,18.279692
10.991333,13.958103
-4.534172,-14.480925
43.614139,0.564792
-4.095438,-20.943073
15.743697,4.886665
21.403208,-29.428061
-14.503914,10.054662
-5.910132,-26.065122
-11.828953,-16.320772
15.911031,-14.691422
-23.560039,63.372765
-15.531009,-15.305154
18.878867,-7.706932
44.761162,-21.190847
60.041112,-13.483926
15.975477,-17.475550
-9.676716,28.309741
1.126217,-10.181125
18.727154,-0.568750
19.870934,3.344817
2.615243,2.895689
-24.650870,42.714006
-5.718746,12.028139
41.666204,-21.445590
-5.533241,12.597402
29.805955,-14.433824
17.902760,-52.213837
3.132717,40.731658
-8.643686,-22.066880
5.280959,29.476619
-23.274936,-11.668843
-13.051645,30.280926
-0.200296,31.840983
37.327959,-7.231973
26.347463,-11.268239
6.854046,-8.279512
-13.155036,-17.605422
-4.649671,0.036877
12.176836,-8.559131
-12.906164,18.830683
-14.218413,-28.806483
-6.044224,-5.489692
-1.897049,-3.632778
-31.038126,-16.859523
23.549483,10.267000
49.428617,-25.760126
-1.960677,-5.883940
15.382149,11.873424
-4.846938,-2.002583
-10.510477,33.422709
-23.384392,14.766049
-42.329051,10.438486
-0.064959,-18.496561
-5.792112,31.162312
-27.331925,-1.029902
-24.473963,48.476328
4.405403,-2.880738
17.735373,-9.467525
-3.430408,0.196153
14.166845,-16.768681
54.971088,29.872739
14.261758,1.845711
-29.122163,-9.154802
36.921330,-1.005945
3.759663,-25.743017
8.488905,-11.885266
1.546968,10.155397
-19.392665,-9.933779
-4.402957,-16.592518
-9.100253,-6.406910
4.253318,-32.422467
13.464527,15.813290
-2.638631,44.087060
-22.003184,-12.620155
0.882716,-16.178478
6.883037,-29.746090
12.946647,-23.357789
13.064010,-3.546030
3.561302,-9.728873
13.177239,6.658071
15.268102,-13.398730
-25.834404,23.381275
-12.564115,41.090448
9.485295,14.818613
-3.927687,43.268218
6.069086,-3.907157
-6.013914,-15.135286
-15.161269,33.026986
2.218108,-2.160410
-20.127768,-7.765818
6.344903,-7.449878
29.584708,-25.021182
-5.727403,-32.789703
-21.527398,-30.250435
-0.542966,8.194846
-27.449844,-36.309405
-5.860535,-24.102715
23.207372,-1.547553
12.867191,12.340589
41.164768,30.004471
-4.272697,6.575903
-11.986877,-1.244125
-15.513358,0.162970
-7.804800,-1.481336
-13.410013,-2.961266
21.818748,-2.234401
-21.471634,-15.094356
24.108052,16.752876
-20.427524,17.513841
-4.994222,-0.399511
10.883729,-11.135316
-0.155780,-8.491207
-6.197193,2.632705
-8.031377,18.376308
8.133756,17.203177
0.077655,11.691133
1.701785,-2.039887
-30.690690,7.278040
22.340335,-13.167292
-12.112062,0.804165
-11.736866,41.130122
14.929801,7.795942
7.456080,2.758685
0.877579,-9.241323
-16.164412,12.068605
0.992454,12.083898
35.704346,8.175023
-11.881466,31.779385
-34.025982,-15.628547
1.792196,8.277572
-36.012511,8.096181
-0.988953,-35.186614
-13.736752,3.900106
9.868195,-5.431789
0.373856,44.618320
-3.648953,30.060643
25.739618,-14.113305
-22.781008,-20.780676
0.541737,12.630373
-22.570585,32.672154
21.120154,16.850783
15.520409,8.478606
-19.744451,1.245596
-18.210726,-10.041800
13.990220,6.433157
8.653036,-10.022510
3.412225,-0.281431
-19.793708,11.922690
0.878230,3.710138
-33.439082,36.906292
-25.538618,6.405382
3.692642,-15.661655
-0.624262,9.072093
25.032762,0.472039
6.726911,5.653319
13.425312,-4.660241
9.537808,-56.036333
-4.776254,-1.443639
14.793897,2.553649
-24.815030,-4.603558
-2.115974,1.997479
11.688980,-20.303933
-19.269593,-5.238947
5.460224,49.679755
-1.445146,3.678949
0.773750,9.649661
-8.010713,14.190145
33.366848,30.425379
47.219226,-9.906899
6.597947,-9.964750
-11.350733,-19.389021
31.034577,-11.253003
-0.731509,-13.993342
32.530569,25.001109
-0.960258,-16.502773
20.198356,-0.571958
-16.314022,-12.654733
-20.911772,7.581195
1.174697,8.397428
-23.168519,3.299385
-19.630127,4.181397
14.469979,-2.683087
-23.955367,-11.000036
-24.206093,23.190691
48.412829,-3.347270
-52.895091,6.701535
27.167937,-35.714638
-2.145504,-23.840160
-35.094806,27.830190
14.166077,5.957743
7.709172,23.912966
1.270193,3.930450
4.458973,25.679459
3.871909,-17.948757
24.169364,7.036610
6.980730,0.170485
11.467495,13.322937
-7.332696,16.480518
23.279232,23.088374
-16.478407,0.036125
29.266780,11.828880
-3.530151,6.964889
-19.143853,7.698509
13.664296,20.841107
8.310189,-19.853805
-19.698775,5.186860
-8.363625,22.518373
5.105332,21.383496
-24.062971,-33.263202
5.416492,-5.959006
26.612434,-27.235916
-9.940342,-12.152034
-12.013504,-6.637549
-12.559258,6.934604
-48.334830,17.037107
17.701851,27.215966
-21.191913,-21.888460
23.841835,20.196112
-6.284725,-19.382067
0.601079,-0.139432
29.564957,5.050914
-29.673250,-2.763808
-50.165250,-4.111502
-30.415112,-1.286654
-6.657333,-22.249528
-54.394227,-13.417410
-7.757916,15.702343
-15.586687,25.218241
5.615190,25.113022
36.139922,4.478879
-14.753379,-1.227455
-11.735633,4.686249
-4.317358,-4.163680
-6.612435,-25.413712
-28.379281,6.530892
19.331556,-20.095822
21.774130,37.058592
6.068948,10.318049
-28.402422,41.573427
-11.438026,2.887614
26.598326,-4.487780
-15.759825,-5.728754
64.016271,-17.052178
14.006182,-14.948442
13.929219,-29.515564
15.183158,28.147487
-6.003617,66.488729
28.930572,-8.521170
13.318782,37.649064
-15.529822,19.581872
-31.549168,26.294643
0.005070,-6.039661
-15.316392,-4.212028
26.658057,-13.954733
-2.609996,27.925990
21.097957,-10.414602
19.223567,2.059019
-4.083396,15.407230
14.703922,-36.704089
2.826405,20.991093
5.576866,22.213815
7.117886,5.782954
-2.826506,15.907199
10.956389,-29.338571
22.304547,13.479806
-3.005141,50.070133
-51.162815,5.938428
6.972326,33.080527
-10.172195,-3.828387
-6.181957,11.381377
-23.959267,-21.186467
-32.792661,17.276218
-7.317331,-3.995883
25.764843,8.863004
-4.573013,3.034249
17.108264,-8.650330
-21.936522,-9.130290
-14.246353,-9.462161
-24.802504,4.215615
-6.583249,-2.980226
25.547819,10.412896
-24.506552,-19.303819
-2.368604,9.422663
-6.527762,0.425744
7.488426,18.406536
-32.854732,-5.453200
-4.541053,13.760964
0.696436,-27.163460
-20.111732,33.884985
-9.353190,13.374187
-5.064570,2.650372
-14.511013,-19.022630
39.905442,9.372610
27.905010,22.089791
-33.217101,-44.193549
-24.934491,29.618736
-3.845839,38.708376
30.846713,-32.073360
-12.626834,-2.694781
9.257159,17.098448
-0.474705,26.067656
42.050487,-5.435046
5.027383,17.336985
3.097011,-1.547943
-14.852086,-5.566351
10.864480,14.386806
6.941671,4.578525
-43.190592,7.162216
-12.897148,20.909853
-30.443199,-31.010635
3.929543,6.388810
-30.026061,-6.541857
-10.855426,-14.227249
18.847588,-6.249203
-4.311980,-16.474861
-29.080632,8.237141
-7.051891,27.493329
13.446961,-33.375694
25.276458,-4.538732
-4.487901,-2.146726
-5.648215,8.175558
-5.846354,-6.664276
-8.123434,-19.888827
-16.817711,41.301656
7.094362,-22.356302
-13.426804,3.598002
1.634436,13.612074
-11.515338,6.835267
-1.476877,-5.835605
-39.263447,-11.691627
32.463814,39.960192
-13.782826,10.329691
3.493393,-11.041326
-6.191698,37.729289
-23.539247,-29.774940
-29.682620,1.576844
-2.900634,7.020749
2.006726,36.101377
25.335376,-6.894092
-1.524800,-3.423877
-13.123279,4.240226
5.041886,12.794295
-16.749161,8.683722
18.968235,17.023612
9.586375,-11.239151
20.182184,32.599353
27.758247,-6.437714
-22.813021,-22.534031
-10.364854,17.605138
12.179345,8.909894
8.390351,25.340049
6.876678,-12.687535
3.024747,23.991034
17.070486,-4.542055
6.101390,-18.923752
31.992743,-25.169137
7.325717,10.932331
-24.710639,-14.473001
-32.656528,24.800417
33.543512,-9.517385
15.621805,9.179881
17.759654,-26.803300
-62.885587,-10.762880
3.600250,-28.032695
-9.670402,15.904566
-8.782732,33.883592
-12.748503,-19.172165
-32.532105,-30.501623
-5.349697,10.043929
1.919106,-6.367094
4.237529,3.427804
-11.780484,-39.364696
-11.275504,15.913076
22.939517,2.584463
7.998547,12.164378
-19.273648,21.263672
32.239763,-5.518360
-7.957972,21.767844
25.074577,47.719829
-13.245543,9.925325
-6.943151,-12.517044
-14.567753,13.606853
-9.981681,-1.725374
-54.289504,25.142641
-3.557927,6.382346
22.437115,1.614006
5.238992,9.230039
6.131696,2.930635
22.214535,22.677746
-7.652044,-27.106010
2.652976,16.597754
-21.802450,2.918238
2.097259,11.936144
-17.158010,21.898384
-9.181612,-34.472088
24.272566,-0.408552
9.171008,6.030545
9.724245,-7.995845
19.637100,-9.823754
15.188843,25.438607
-13.744174,-29.519299
-16.848093,-41.027206
11.691609,-28.201389
14.157811,-7.086578
-48.262934,-27.789360
-13.732803,-12.530951
45.781574,-2.065184
-4.954952,17.000396
16.434079,-12.676947
-10.060517,-21.089009
-4.187051,2.329635
13.452816,-18.122913
4.156647,-57.927308
-18.323337,1.735278
15.105046,-0.474582
1.930891,-10.446094
-10.969939,-16.329198
19.192658,-14.304068
7.111541,17.029595
-15.212007,7.846240
-16.474515,51.713147
-24.859503,17.865655
2.589924,-38.571011
15.669821,30.108823
-3.806669,16.071999
0.170069,-21.198266
17.557376,13.705759
-25.411281,10.130279
-26.486186,-13.644030
8.406876,17.620839
-14.663946,-1.157002
-17.590254,-16.108203
4.648140,-17.246326
-2.637960,5.463315
39.350095,19.125298
18.825726,-3.001524
32.752417,-7.917068
-15.797772,11.687871
-1.603285,12.643039
62.282317,-6.516291
-0.294516,11.517102
-14.988017,-31.003383
10.669933,7.701987
-16.991546,-19.331451
-16.738417,-21.203651
-4.033689,32.806227
-16.438235,8.144817
-11.525063,6.221819
-3.922603,-5.314343
2.764864,-19.035414
-28.575599,12.351925
1.701839,-6.169618
2.397362,-16.835751
-17.323131,-1.024924
-2.856452,29.471727
34.814745,-7.110046
-34.740019,-9.879552
5.337199,11.143576
12.247389,-1.975736
24.175397,3.447613
8.514052,4.111223
-5.440005,-8.193733
34.975898,5.246481
16.028560,17.628208
-34.856078,13.863353
-10.937213,8.038598
-25.181239,5.955917
4.982925,-8.161367
-6.774540,8.335095
12.274311,-15.750147
-2.910051,45.658074
-16.908978,-7.179897
0.127164,5.091976
9.722950,29.606333
-43.215955,20.849314
18.492437,-30.369323
45.726583,15.799884
-2.529928,-9.696862
-15.708051,-25.970457
-37.370041,32.773708
17.458244,17.694703
4.792147,4.670598
5.620103,27.665354
-0.470797,8.670901
5.431310,-7.029912
6.200182,24.236704
47.074554,-6.680995
-7.507298,-7.840414
7.918264,36.567270
20.898133,13.667778
-42.895691,12.266869
4.847891,-19.174729
2.978398,10.413125
19.583313,-18.985620
-8.773803,7.836901
32.952773,17.821317
-7.075729,27.174093
-36.606884,-44.421066
31.482338,19.325002
46.825712,35.897303
26.716310,-8.534113
20.841622,12.125949
-18.154492,-16.843630
-28.326681,22.872358
2.274707,-12.374882
10.529339,-1.128156
3.140359,26.647006
-15.839718,29.659010
0.178716,-29.881687
18.385504,-21.932462
12.188776,-13.455788
5.144201,46.470194
-1.883099,4.390375
-6.064168,-42.084962
30.835807,-8.558238
15.576655,-20.280013
28.197454,27.548815
2.411849,32.161567
23.794747,26.043402
4.258655,1.273555
-35.580486,5.196095
-11.705741,-9.084029
7.105306,-32.821291
6.489225,32.200571
-0.180193,14.061910
11.467227,6.782155
-1.500498,-20.857634
23.258048,-11.725470
25.239480,-15.129834
10.324218,-0.653530
26.173626,35.771243
-5.019440,-32.840343
-19.267092,-1.741527
-8.592603,-35.835356
-32.338851,-4.295891
2.681144,-33.768735
-22.347255,24.053134
15.674239,8.016318
0.295623,3.575436
5.097021,-34.080020
-26.437972,7.234297
-4.722093,-26.761375
5.338599,-14.659177
12.469740,0.391555
-16.919080,7.464810
18.938846,11.396521
-21.143132,-1.294343
-3.435281,21.095847
-8.099741,-12.548911
-8.322947,23.901235
10.231166,30.795790
12.602240,-27.150250
25.779030,-2.950503
-13.249981,1.768402
-13.424075,44.011927
14.395495,32.245959
-33.786905,-22.815489
-18.760449,-4.963303
-1.312443,-17.374607
-21.659185,14.101327
6.252599,17.049738
9.098251,3.662345
-12.693257,18.588461
22.278328,29.488122
-15.609119,2.310359
11.270734,2.298099
-16.925246,18.905269
7.421953,17.357241
-46.532213,-8.307620
3.220027,34.455635
-9.444383,-6.950248
6.807094,1.118220
23.043963,24.677508
18.197967,-52.154776
-1.350796,3.833111
26.690723,-11.648667
-22.360305,-2.573052
-32.866078,-14.401032
12.741192,-63.160622
8.047260,10.215535
-38.265777,-26.634978
-3.284402,-33.336147
27.650897,-16.188795
18.154255,2.531216
44.250931,-2.838753
-45.812709,-13.990503
-23.305235,13.521787
28.206811,-18.838621
31.131167,2.895263
16.446671,-18.446107
44.364495,-6.498496
-4.541824,14.979140
7.861070,-28.969381
-5.562820,-2.511540
35.477875,-8.717955
4.296946,-0.192797
20.672919,-27.509459
-30.612293,30.336981
-3.078451,24.661754
33.145394,-7.678967
-29.554655,2.014731
5.412433,-23.548250
-12.254200,-57.972841
-28.431258,-8.062296
-8.259999,-10.322366
10.135307,33.529803
11.727932,-16.462447
-18.298788,-15.157657
-12.280412,14.766429
-31.828564,7.449432
36.808931,-12.069855
-28.443753,-29.096327
11.942857,-14.130776
-20.704435,-29.658888
15.074197,-10.069604
14.780645,8.710142
3.471737,18.806288
-2.305579,11.620189
20.777472,25.816918
5.971557,4.860194
-13.443078,-12.523967
12.647404,-3.322214
-9.205997,-10.926889
-16.650777,28.259318
9.143945,-12.863954
-17.553955,10.004958
-26.926388,17.857267
-26.397019,-37.851878
26.799465,-19.648236
-33.203339,-13.413703
-10.924690,13.518565
-0.748953,-13.352593
42.060489,5.053003
3.695913,-19.018133
23.453214,-5.661858
-26.948160,26.530205
6.540093,-42.307886
-18.014309,-1.237750
11.932871,15.137702
-28.275748,6.736235
10.291919,9.446991
10.209468,8.112996
17.633529,13.926260
18.230426,-4.580644
8.928731,-33.954863
-9.347892,-19.056987
26.944344,48.137580
39.014883,5.822053
25.395293,9.033055
0.567643,5.936777
15.007010,35.341546
1.432443,-11.664346
-17.696318,-28.557139
-25.616713,-11.079660
16.200378,8.240957
28.070170,-0.395795
4.285842,-17.731799
-31.945657,-1.011270
-24.684697,1.763924
7.574587,16.970880
-3.536411,11.126580
-25.006645,-8.883254
10.442797,-3.893926
-11.113164,18.210662
23.391859,-2.401187
14.839162,4.939575
-16.704185,11.088894
-18.360578,24.191408
-32.832888,-2.393196
-11.657156,-19.215355
4.300065,-20.018672
-6.040210,4.065450
-78.314805,-24.341790
15.053934,-44.311778
24.635644,-20.683271
-0.151098,12.475267
20.795600,-10.548501
21.149535,-3.710801
-16.961225,19.491472
29.830634,-39.815998
-4.570963,6.006773
-19.132699,-11.899381
20.563962,16.789647
65.640614,-1.319018
-3.769982,2.724934
2.783927,-34.920926
5.317099,-12.733743
-12.232484,4.930312
-32.465729,1.170484
6.640586,27.475536
32.987731,-10.232462
-34.429843,-11.202920
-24.420832,-16.561466
24.816710,-4.425398
8.677031,-14.185091
33.283662,10.420018
-28.388432,22.411696
-12.142524,-7.773165
-14.080755,6.578767
-22.885294,-14.173458
-2.735293,31.492473
1.908428,-38.093993
-19.868560,-42.496257
-41.838307,-3.199866
54.267066,-5.380766
-6.624027,-5.054939
0.933735,-22.974793
-10.971469,25.291241
19.318797,-26.769818
-33.988628,12.807226
-25.484324,-0.089778
-17.791709,-23.143545
8.258175,3.575052
-5.450930,-4.251119
-29.892445,24.263431
30.497026,26.714363
32.158431,14.005586
16.384083,-48.213681
-30.793218,10.069240
31.063022,18.403370
24.658229,0.546981
11.140065,7.417559
-17.413873,-23.585676
-22.912710,2.849255
10.021814,-5.743698
15.369453,28.281351
-28.713346,-23.306911
-9.390818,-1.144592
-0.381838,18.502192
-27.056222,-10.321580
-4.902635,5.002088
-55.050180,9.315596
28.687250,-20.403785
7.604510,6.248664
0.968166,-26.453468
-25.000009,-9.738930
-12.622238,-8.849453
-10.471298,19.270959
5.214737,-26.971307
20.132789,8.891605
-14.717388,-11.553147
-10.711174,-16.659124
-10.490016,12.626464
12.640109,3.156183
4.584549,-6.615780
-15.911708,7.464255
-13.287817,-8.690922
-10.845430,19.505979
6.088096,2.810325
-0.785175,15.196593
9.070687,-6.666543
-20.736501,14.750723
9.837131,-1.246646
19.516226,-4.734009
-16.352449,4.305300
8.636398,-19.613499
-14.044188,-33.632199
-17.172096,23.322569
0.195251,17.123253
-9.197337,-5.756120
29.030583,22.573781
-21.964934,-15.422886
26.327209,-33.942740
17.802595,-16.379955
6.339447,44.468857
-25.242397,26.486446
-39.140594,-2.056351
-12.165588,14.393609
-12.763196,-27.326352
-6.358400,-38.946824
8.236428,-8.874732
24.123619,-9.858420
-14.626397,21.913700
13.766824,-72.230222
10.321459,5.329796
-31.669465,-7.505165
-25.948391,-6.750671
-3.150147,21.860323
13.235403,15.669180
11.122121,29.983226
-19.572876,-32.217571
12.898748,39.030853
-20.836277,-15.738274
-14.608277,20.097842
19.475092,19.531167
-9.566180,16.732529
-18.212715,-7.445844
-12.886090,-16.494680
9.699156,-13.875974
-18.300844,1.691839
-1.351079,5.313310
-18.194146,-14.117433
-12.053268,22.956556
27.656264,-20.031786
-24.692068,23.284570
45.258339,-14.020896
29.244409,36.342144
-26.075653,-40.216791
-3.182390,-29.973496
10.273268,4.934117
27.264216,1.718944
-6.512077,-29.483743
22.047099,-24.770783
8.095742,-37.906943
9.092090,6.843340
-39.539883,-27.436038
-7.610817,-12.876493
23.073243,17.378012
33.246918,-3.534683
-2.567546,34.015182
-16.260877,-9.976838
33.396592,-17.881757
-4.226331,2.541909
-16.129852,-1.105785
-4.493992,17.175827
-16.942477,-19.532966
28.969450,-22.373752
-30.164586,-8.243486
-11.506438,-2.566638
42.762394,-8.072612
19.645667,-36.075870
0.630652,-21.731133
-16.965483,-14.316046
9.942246,-18.229779
3.992519,-23.086865
4.043473,-12.651168
-19.429991,-15.162649
10.063705,-5.655991
3.130684,32.059107
4.159231,8.241433
38.035491,-24.780152
6.026459,14.618556
-24.307079,-42.009238
-0.890303,2.809700
-68.322528,-17.114702
11.869125,-8.434141
7.843599,7.996327
39.178214,28.360318
-10.470027,17.785607
32.352243,18.958630
7.523795,-23.852545
-17.212388,2.021836
7.713848,-15.528193
10.055536,14.669015
-18.614522,-1.703633
24.426515,25.038887
14.692256,-24.799251
-13.599180,7.627900
14.426927,19.909890
-3.638533,-5.482214
2.825181,23.238610
8.769477,6.145974
-11.848341,0.464176
-10.119252,2.315112
13.853731,-22.148349
31.500697,12.403845
8.044886,-6.567531
-14.334496,-18.663857
12.572397,2.530025
22.628047,-16.068386
-24.345136,-6.152075
-7.416760,-0.828412
-26.295051,8.725586
-23.898442,33.809013
1.540109,-46.440894
-12.530142,10.676669
4.462662,-1.801656
-7.721865,-5.383872
-19.532083,20.832948
40.281629,-24.021129
-11.672310,21.060245
31.782886,15.884704
2.037087,-9.129343
0.791522,5.781438
-17.922118,3.950157
24.769114,-13.083037
-44.673113,-29.817330
-12.165128,-34.543187
-3.955777,13.683296
6.703889,-18.766173
-1.326979,-34.137647
50.518254,5.543728
24.519110,-16.039335
-30.904801,-53.603156
-2.684418,-5.152579
-4.044394,-6.548838
22.798592,9.222410
10.319844,13.113209
-25.218936,-1.774621
-25.094607,-10.496380
-21.037343,1.220497
8.284560,47.297176
34.291957,21.996120
2.246571,2.114843
-29.247281,-13.175820
-24.975441,-4.381119
-9.017307,-38.168382
-5.083648,-29.431009
-24.047021,-29.690747
16.672574,27.515533
-2.388313,-43.039297
-0.048049,-12.909953
-1.987988,-13.515957
-28.938475,-42.118054
-0.900755,23.387945
-21.455267,-4.842773
-12.640003,-13.467862
27.237655,5.551253
-29.534988,32.584513
-12.844225,35.476488
-0.564413,-3.137729
14.111209,8.218330
-6.113182,19.744959
23.502567,-9.189858
-4.572354,-27.496933
31.304373,-24.882504
44.514386,5.816608
-32.884974,12.972329
-42.167306,-14.015020
-5.724576,-35.439162
-37.946526,26.790875
31.625840,18.001925
-21.335580,7.521989
-1.076864,-19.175145
13.757234,-19.195417
15.115025,2.332239
-15.585807,9.081779
-22.414638,49.529374
8.506382,8.839009
27.344317,-11.457804
-12.484006,19.728544
1.379545,-8.257504
-25.372567,9.107371
-12.089464,-9.120809
-14.641804,13.047727
-26.487491,34.728785
-5.382389,-43.075036
20.771886,13.211090
45.371434,23.373673
0.820290,-18.998375
3.169417,4.173165
3.518553,12.325636
26.556474,19.378758
-19.365963,20.300349
5.220666,14.405762
18.704520,2.219178
-7.494055,5.705219
7.119343,8.610191
-15.638898,-6.578386
-8.319190,10.180159
-11.147538,-15.177024
-15.762227,-28.247038
-0.175774,7.045317
-6.523916,-16.754609
-9.331253,5.523287
-9.971925,7.835756
37.337323,14.079413
-1.874449,-1.652765
43.073008,28.357799
-3.484263,-20.161734
54.392396,31.459893
-8.874697,-24.668684
-10.295079,7.425965
2.913121,1.938903
-35.821899,48.099340
2.808624,34.181969
-20.347879,4.083320
-7.585263,-3.887400
-25.415032,-4.094689
-12.560487,26.172970
24.947997,1.897588
-8.681746,-6.184854
16.115243,1.708009
-42.495607,-6.596698
-3.379465,-9.574449
11.570919,-8.774532
8.874910,11.967297
12.872527,-18.069772
-52.387635,47.343315
-7.822169,21.637669
25.253456,-33.870648
11.444776,-10.755668
8.356403,0.246123
-4.339902,-3.174598
-3.976379,11.524911
0.683135,-20.166856
2.855156,7.652791
20.221441,7.546217
3.585787,-17.269474
-35.622350,13.202428
-19.776464,10.301350
-26.254415,-7.971338
4.502740,42.634445
11.790839,11.031245
14.841846,-16.858072
-6.526349,-33.174358
7.405262,5.263025
-4.610938,-20.566791
31.140031,0.397000
26.047477,6.074717
-3.890376,-6.391157
-32.140976,1.475616
-5.631383,7.467948
-8.323272,16.847104
30.613628,6.545935
-21.414478,11.269093
4.826381,22.844571
-4.271593,11.528604
-3.896178,6.724707
-19.416604,-30.261233
20.234376,-4.469484
-0.547620,-16.299917
-3.375337,-2.169738
2.805552,-17.621668
-27.366559,25.081413
-12.294528,-33.886623
18.605265,1.581570
-42.843621,-16.356514
30.084995,24.442820
2.494984,-0.861520
7.842401,29.761216
-21.368851,12.629146
-16.529974,-32.796109
18.831928,8.807834
-0.461133,15.028087
-50.285368,0.858126
-21.275481,20.947283
-5.971415,0.552886
-21.807146,4.975348
13.588169,-26.068693
-13.666355,-1.897166
-14.946687,11.301883
20.254647,1.899450
-7.004188,-7.934059
-3.301089,15.635016
-0.423246,-34.837608
-4.604370,1.440922
29.020866,12.714175
-14.552924,6.002794
35.483306,1.209997
12.538937,-21.943784
-9.150254,0.612257
-11.353199,-43.567871
0.464475,-4.725291
17.235562,-12.341144
21.824378,13.361237
-21.977068,15.335600
1.893432,6.257000
13.864664,-4.563599
-25.676919,8.178567
-5.343409,12.324280
22.793548,-33.779929
19.339866,8.720803
-1.338524,16.524050
18.735167,11.406004
-14.059677,-0.302866
-22.361733,-13.770159
16.422822,40.824050
-0.167949,32.500504
-4.147793,-7.320100
22.362453,16.281482
-49.138535,-12.777204
-4.866212,-8.592986
-8.284065,14.944409
-3.891054,22.022413
0.222825,3.457951
-15.063486,2.859793
5.745125,30.115473
-23.534729,11.823599
12.691385,38.521910
26.734640,-10.619719
-5.952264,3.094556
22.147174,18.696300
-20.764294,26.896526
-4.583998,-4.351400
-16.319552,-5.297654
-10.707214,19.116670
8.877461,29.865761
-23.388704,14.900873
1.322219,27.132166
24.058346,-16.947819
-11.229089,0.444059
16.832040,-0.499855
-36.090694,-36.890432
-34.278012,20.773779
-41.244743,-2.632246
3.359140,-5.926532
11.151139,30.012940
10.492175,-29.386714
-12.285141,-25.184593
16.352025,-12.336667
-2.193659,-7.278240
37.297213,2.077243
21.230597,6.368748
4.376316,31.948292
-21.551066,-2.265349
4.244622,-25.845961
-18.550252,-3.371750
-13.054954,24.184598
8.273090,-5.354850
-34.854667,-3.145105
-21.629090,6.154402
-15.365525,-17.043386
9.328700,-21.333750
12.549810,-5.284519
49.116788,-2.189780
-16.271457,4.286717
-29.228817,38.564022
5.871248,-7.618451
29.012372,-1.626235
5.620482,17.702985
-27.646263,-1.423704
-8.379097,-7.819698
2.588198,0.298942
12.947139,0.367719
-3.475509,-2.713322
0.775642,-0.078712
15.965362,18.017165
-12.516414,-33.961513
-4.445102,-21.064150
-17.317287,18.929072
35.474684,8.474659
9.415229,10.622213
22.420440,-13.574557
1.680632,-4.852573
-23.205594,-7.176855
-8.735289,6.012336
-16.644763,0.397281
-4.760822,-6.797250
18.599576,5.643139
-2.481953,3.460048
12.442143,-17.782294
15.307021,-13.385265
17.117649,27.154242
-11.945716,6.680084
17.595389,-17.910057
17.881604,20.357440
2.417983,-8.273805
-31.068348,-18.505355
-8.337125,22.010689
-0.898674,4.362364
-7.690785,24.130154
-36.565249,31.391834
-13.189931,-11.632289
28.238274,-27.649776
15.149791,1.003392
-6.000467,-15.061387
24.312538,-16.013109
-17.286204,-9.692461
28.772421,4.953167
42.468582,-31.198061
8.745392,-7.579234
-24.477797,-0.000619
1.196804,17.208845
1.360363,28.406118
13.095197,-23.596963
-18.694114,11.769423
-4.417839,-22.471880
-18.780891,4.268935
-8.308761,-21.958390
-2.845680,54.485235
-9.913343,9.867083
-8.713112,8.582387
-38.291641,-7.649717
32.583842,48.562809
-9.346274,-26.090268
0.892411,1.691918
7.620080,-9.233422
-11.821468,-3.836196
-4.869394,-39.085675
-26.585162,-6.726782
24.072461,-22.947567
-4.257684,-11.639978
29.997025,10.654058
-10.508401,37.094634
2.214988,36.976655
-8.033572,21.605017
-19.236222,24.087366
13.068253,17.959334
22.201250,-8.464390
-22.090060,-7.133015
12.772117,31.320725
-12.486723,-15.047914
31.412300,-14.889935
-26.238403,-21.413936
3.044376,-5.982047
4.692175,17.226551
-20.042283,17.671731
25.515753,13.367621
1.794282,2.803419
-26.481483,9.145469
21.146105,13.494822
-17.320517,3.192954
33.129806,22.360516
-9.840795,-22.513942
-8.142881,7.691863
15.263146,23.440998
-19.227763,-22.920335
8.177794,-1.719036
36.475422,13.475306
-22.788522,6.696629
-16.657092,-35.363562
0.150262,7.553521
-27.551219,-9.532253
3.045400,18.923132
-9.000599,19.886434
21.985358,-14.854869
10.182381,9.993503
-0.642904,22.326853
-7.698868,-1.717565
5.812702,10.902610
-7.089100,9.857279
-28.825601,10.288958
-9.820722,-15.197992
-16.391393,23.832158
-40.920091,11.974695
-17.442545,16.540067
-23.128897,0.743819
0.423904,11.288548
-7.657758,-6.408939
32.209996,13.683412
-31.959121,36.580298
-33.551792,-37.190801
19.881548,-1.219263
12.163244,5.392502
-14.573507,26.525849
20.531451,-5.760280
3.258990,9.823140
16.915869,-20.767976
30.212329,24.833962
9.392678,-12.602921
7.176146,-14.298036
16.064926,37.940058
6.666943,22.950710
12.042381,-11.639975
-1.398562,9.021925
18.278521,5.637749
-8.721141,22.728241
22.348717,10.700734
-21.566114,21.167276
22.284378,-3.380991
12.858981,10.217434
-11.102051,15.335619
-12.018730,-7.520647
-3.282044,-6.679420
9.692947,-49.702977
7.227633,-15.949615
-38.138746,-12.621433
-27.538196,20.492577
17.446488,-27.538106
39.394736,-17.238064
-15.996885,14.389256
0.485092,26.719547
-1.634172,29.787395
8.346964,19.278636
-34.998729,-0.370178
16.425219,28.104660
15.341962,4.712061
16.820963,-11.820646
-8.635578,-1.397069
-6.743995,-5.043128
13.492744,-13.575419
-6.625024,13.235453
-26.051773,-37.600146
23.584936,-21.021759
-2.814859,2.377696
-37.212723,26.920129
7.883459,27.813700
28.147700,-24.708507
23.416959,-6.723256
9.636367,-17.374157
-33.280417,12.473712
-0.228184,-1.879782
-14.342710,-6.500921
8.375080,18.827807
46.232480,11.800157
11.710116,14.658982
20.100353,4.990389
-28.092337,25.841445
19.451358,18.614404
-5.898234,24.800891
-33.717014,-33.913791
11.734832,-0.051423
-22.062931,-28.719471
-3.802579,-20.843257
0.831067,-12.203854
-6.688168,-33.589852
-4.045500,27.411400
-24.405459,-3.689118
26.810577,4.400987
6.263062,-25.062309
-9.620932,-4.976277
-13.749541,3.781318
10.299429,0.040213
21.894836,18.818706
-1.219291,27.549192
-41.821467,-14.915647
8.922307,-34.588990
8.940995,-5.447969
-32.739710,-0.498088
-18.094619,-0.114269
-16.441201,22.534794
-18.196698,-10.068153
29.709287,-31.692490
-1.171797,-16.090294
33.765475,1.779685
2.247243,-11.512368
12.620148,7.710382
-16.810593,-26.966606
-31.303033,-12.799263
2.497590,-4.982675
-4.400127,-10.500432
24.164078,38.180070
6.187933,10.795119
-21.484589,-42.653015
-26.311540,-37.514267
30.689940,39.739938
26.045759,3.766949
-0.501714,-10.361176
-19.996319,-26.238265
2.106281,1.147544
-1.040212,15.197160
-13.471827,0.305533
6.778430,11.772311
35.017394,14.518651
-44.582524,2.360843
-18.010949,5.737248
-0.052675,-35.106842
-14.473396,1.151433
19.713046,13.772942
-10.624282,-19.886500
12.161189,4.300238
23.907780,20.211241
-33.362595,17.426528
-16.816925,-43.586372
-10.768536,-38.285984
35.544422,-16.493396
-9.636688,-15.710489
2.139856,-13.090603
-12.147827,8.238407
5.679995,-29.938528
12.387212,6.695985
-12.348939,-25.037645
-6.636442,31.137820
23.888763,-24.290244
8.549807,-15.993456
-1.378222,-30.286745
8.232937,0.695263
6.909033,-12.383193
50.413960,-10.636155
-26.939838,-16.009825
-9.088149,3.048415
-19.832868,48.492073
-6.145975,-10.244805
30.134523,-22.061183
-8.668938,48.865021
-0.109669,-15.623869
11.824352,38.399209
19.158470,19.208299
15.473397,-13.353702
10.203948,-1.152712
11.798748,0.825572
46.963114,-24.325601
11.623535,-8.512377
7.893662,32.213999
1.535449,28.700243
5.886764,40.013873
6.142450,15.947180
-2.980944,-26.939653
10.918456,-11.683398
29.749733,-7.779137
8.549361,0.564092
31.654481,-2.435464
2.887216,-5.752248
-18.296165,-10.280874
-26.102877,-11.831406
-7.377656,-2.885485
-10.750506,30.789515
23.940826,27.553373
8.131041,30.501480
18.299853,5.994214
-26.616805,30.310280
7.257006,10.804018
12.002318,-10.704038
-11.310007,-13.549260
-5.100323,-17.644785
11.625349,1.867322
0.502073,-0.661065
-23.039408,0.964641
-0.847255,3.593523
7.968539,-8.658091
-5.898799,11.434718
-12.032690,-5.505235
22.603592,-41.283290
-8.684430,-21.634654
26.730945,-2.592781
-1.868693,-0.563658
-38.022269,20.507202
-1.082843,-14.207419
20.648154,-13.175269
22.634061,-7.160652
17.688782,25.997145
15.185676,-19.244377
34.378297,-28.571401
25.996470,-9.894567
-7.741961,-26.112194
8.055922,-6.335816
29.384056,5.836828
29.760790,-29.364028
13.853140,52.965375
15.716744,21.310946
29.259665,-2.975565
-10.464294,-36.131253
22.397162,15.299787
-2.558228,31.262316
-4.681794,-9.144534
-30.575148,-1.366345
-50.148996,22.495556
20.191717,18.686015
-2.765136,7.931905
-12.113073,4.275045
1.996669,-22.502576
-37.548735,22.237995
18.168595,-11.514427
-2.309373,20.830263
-11.510161,-27.714029
-34.057053,-32.960922
-3.539473,17.603337
-4.501699,16.643687
1.929243,-5.832350
43.375993,3.182677
26.311733,-56.959067
-5.836273,-23.574836
13.401294,-7.877314
-5.043318,-2.169030
0.376012,27.987071
-22.454750,-1.869983
-5.247114,52.058191
5.565037,12.084357
-16.508573,-11.136842
-32.328484,-4.957787
-9.859190,-10.316808
4.309566,18.212321
30.833193,-25.317213
-12.296082,55.603480
-4.888849,-22.273697
-3.761549,13.897053
7.006730,-52.717880
24.897319,-2.843766
12.711472,-17.252810
-16.359532,13.158723
30.786986,36.696200
-17.839095,19.904903
-32.109565,36.050878
-23.700844,20.387398
-7.188627,6.990157
-16.259139,-8.710573
-6.004946,6.142733
21.673380,16.747023
23.311475,-13.999488
-11.227378,-14.496163
-5.982369,-23.387216
-20.493479,-12.993227
14.338842,-21.278898
-6.458566,24.693284
-13.495881,-10.658291
25.515956,-14.053373
-7.070990,21.836727
11.885799,-5.427814
-9.537242,17.483158
-13.414938,-6.826717
7.819545,-14.913697
2.366154,-3.256407
-13.201175,-7.308309
0.342651,13.212914
-40.045409,-14.173951
-24.096216,-52.141872
-7.728973,17.220125
-10.099201,15.952631
-0.656694,32.697950
-9.203458,-49.778803
-4.925868,28.704329
7.005801,6.977717
27.095592,18.914269
-16.973761,-3.617524
-14.702193,34.325032
8.773370,-4.387418
-8.817948,17.029748
-13.643790,25.839406
13.525367,30.416309
5.021619,-11.341771
-12.830732,20.265504
6.470440,-2.561975
27.309678,-9.068212
1.761336,11.112800
-13.074703,3.359507
-30.537133,-5.384803
6.758801,-28.601097
58.334085,-16.597394
-16.215209,22.366567
19.982492,13.133290
3.093217,14.535864
-31.135387,-3.786065
-19.342251,-17.990680
-9.342398,15.539998
-11.901838,15.121606
36.193753,-2.955523
-26.335194,-34.857277
-9.082871,2.675271
16.034311,-17.432054
21.806402,-0.772159
15.603179,-29.513682
-22.716422,4.985524
1.927096,15.846194
18.283472,-8.409360
24.319205,18.698794
-29.357700,-41.755335
-13.568943,-23.232771
-18.213205,14.251271
21.214451,-8.178130
-3.035674,-11.981957
-21.729327,-6.746241
-8.791098,15.503867
-3.617564,1.468633
-8.091701,4.404097
8.032619,36.081661
-2.854436,14.111392
3.157012,38.464609
5.372532,20.346218
-25.661988,-12.677965
-3.982013,-40.860144
33.054491,-5.618504
-5.258180,-7.753973
-0.890538,-15.858700
3.936002,-3.574227
-5.271253,1.632079
4.617990,-23.450071
-20.934060,-7.504391
6.382545,3.950168
0.623790,-1.870103
19.787972,14.339290
38.273967,-15.904821
6.636167,-7.156944
5.906055,3.149442
23.371271,12.323981
10.137014,-11.560195
-40.551313,3.112265
-18.742977,34.271865
25.514281,30.569310
-8.781582,-11.635322
-7.149883,-16.530756
-0.951456,-6.319902
-16.640084,2.949333
16.479750,34.509915
-10.039975,9.924701
27.712447,27.201774
-13.400339,-34.109721
-4.711455,-10.940902
2.131557,1.105520
11.059999,14.205579
-13.846338,-0.623020
19.958952,6.054497
17.459891,-4.195476
-12.390331,37.666239
-11.694523,13.636311
-7.137820,-17.249082
17.455439,12.897302
-44.383861,-24.855293
-4.718325,-20.767444
-11.474362,-10.392065
2.483688,-10.459872
19.278195,27.746449
-1.070531,-3.045681
-12.612256,-21.357944
-26.836913,24.133786
-2.566973,1.061252
26.164947,29.243983
-14.506417,29.001379
-10.523328,-0.627654
14.313564,-9.274275
24.321579,-32.378390
-9.595076,29.196377
12.322003,4.028560
1.128633,-7.022861
0.100879,26.848374
-3.604419,-29.354509
-9.568985,-51.865935
-40.247796,7.733140
-19.527393,36.824973
1.825032,-5.558359
-12.232925,-8.151914
7.998979,-26.639550
-10.613108,6.286036
22.338406,-25.963763
-11.341948,41.620785
-11.646984,-20.953869
-3.029671,0.785122
-10.417998,-40.721512
-45.536560,20.468297
1.591748,44.271137
4.732606,-14.422767
-10.676491,-23.694312
3.209820,13.032823
-36.514728,-12.923355
-19.932884,9.155276
11.257005,-7.641002
30.981184,-16.847054
6.483009,37.550922
17.061110,37.933741
8.664325,-15.934633
-31.990716,-11.395675
-7.534079,-13.571485
17.859743,-23.506833
-27.022093,11.776965
8.324638,27.450290
-29.723884,-17.695579
-12.400659,-1.452995
18.931574,-15.314465
9.276778,19.635536
8.398938,11.927252
3.996871,-40.962549
-16.880862,-13.605553
10.451889,-6.983993
7.372593,-20.614395
-19.074766,-2.479361
-2.745711,5.923270
-27.773888,-5.360881
-32.856359,-13.011199
-18.713945,3.071995
-22.875120,-0.620541
38.628586,3.736910
-11.683275,-57.624713
-4.943399,48.109502
-12.182258,-13.232059
8.325609,5.275340
-11.135744,12.815341
-11.574659,-4.676023
15.603355,-12.508288
18.245744,-13.092341
-38.836300,39.490633
8.383503,24.106752
25.993889,-22.633247
-22.845209,1.059700
-40.949010,22.851446
4.445022,-18.025823
-35.310813,1.303212
-10.918616,4.165632
-7.637850,24.122886
-5.887181,7.552231
3.237839,-6.867168
-25.728065,0.937702
-21.330887,1.153288
10.611393,1.548538
-23.758500,-5.436657
0.770715,13.594380
20.425707,-13.292248
-1.201489,-11.529384
-2.140540,22.883761
10.228732,-1.420259
7.722321,21.326047
-25.522392,0.444693
-8.220877,19.216316
14.295397,-14.325781
16.066935,-29.068208
-23.418207,-26.623038
0.472456,4.522039
2.498562,29.606919
12.364795,9.385173
9.424621,0.536730
-20.967768,18.494476
13.611844,26.632365
20.910850,-20.409870
-35.272951,-0.037330
-26.256286,-4.534113
-54.003733,13.024486
-33.097581,3.713354
-25.754653,12.200820
-49.354362,5.717529
3.850233,6.857938
-10.685331,-1.445908
18.728258,8.008619
29.057537,-1.180898
-17.646533,21.217487
26.885106,23.973820
-14.489426,-12.349353
8.150577,-26.840156
4.100085,-12.048746
-14.039942,24.616840
-7.750876,12.181509
-13.044588,-21.055225
-20.914153,40.150880
5.375415,1.101619
-9.480609,-20.199559
5.444932,31.417444
-1.205916,-12.816720
-19.318199,1.978461
13.563638,10.633682
42.347465,4.909173
23.805595,-15.265253
-22.509030,-36.854736
-15.206505,4.045589
2.191188,37.368388
-1.105009,5.232401
20.326408,-31.497823
-13.112725,18.683662
-1.048968,-52.299102
22.502833,-3.009931
-38.083684,9.604720
-11.577769,-17.190362
-0.885747,-2.664499
-7.395000,-11.636306
29.592896,-28.008002
35.005058,-39.698406
46.748133,7.298730
-12.674414,-17.662132
-3.626315,7.586203
-3.344354,4.855592
-7.044316,-12.321965
24.204778,0.520798
7.114975,13.747934
-1.323178,-32.580954
-28.026451,0.718592
7.232442,13.088698
-3.951076,4.299208
8.721743,6.827078
-27.315736,-11.858776
9.555773,-18.437232
22.506155,-16.760130
-23.756025,-26.920697
9.150873,21.517081
-1.257969,1.287160
17.665976,2.772629
28.127638,-32.861666
10.457528,-24.298622
7.653660,-5.769206
7.627543,32.744645
-9.893198,12.848986
-25.546818,2.531058
20.217608,6.253375
9.932992,-19.756943
10.896846,-28.171043
13.634450,16.379779
-22.886527,1.314923
-8.677091,9.552527
-29.633538,6.776098
3.492148,27.529769
4.980384,-6.247215
15.603288,-36.363525
-5.927949,2.287333
5.770960,-0.716334
27.606045,10.070432
-24.253913,-11.472447
18.189514,28.575950
-20.125081,-44.640237
-41.200333,3.864148
9.946112,21.435743
-10.002805,13.618390
-2.914304,20.273379
19.560210,49.403877
-19.124508,-18.663072
-30.117533,26.982431
-46.268431,-24.223136
-14.351363,19.484744
-1.887462,-26.617235
-5.090075,-51.549184
-19.476982,-16.465462
29.797167,-6.414771
7.860245,-4.333618
14.917819,-22.502253
-14.121884,-11.918574
-8.693813,-9.493682
35.455204,42.445134
-1.215300,-8.282298
-12.919359,-5.619721
8.676615,15.738305
26.115565,18.891400
-10.505014,-15.288177
-33.983634,5.374779
-14.223493,3.539951
11.053561,-8.984063
22.763361,13.440341
-15.655139,12.800750
-17.775397,-13.494920
-43.651359,18.534328
-44.367418,-4.565322
11.043434,-19.073875
-24.641521,19.450160
-18.876508,-17.073707
-9.833655,1.741627
0.623727,20.090509
23.574817,23.332812
-3.980661,-7.224420
-0.470570,-26.914509
-15.297570,-21.239562
13.254548,-18.605769
15.623231,-9.351974
-2.434160,-4.682406
14.896656,6.751914
19.504251,-7.419011
-11.298511,-1.432700
-15.500576,21.152579
17.851874,-16.307330
-29.938197,25.100491
7.675648,23.930485
-59.303661,-16.464299
17.955545,-29.246478
-39.371815,20.847248
-5.761343,-10.431781
-28.423666,-21.115178
23.430933,14.133664
24.392709,-1.550180
-8.410100,-32.442079
-11.287267,-32.679152
-18.524480,-24.719803
12.759638,1.288782
1.775616,-14.154562
52.845835,-6.094632
4.269675,9.566841
19.531162,7.523128
-0.233680,14.529462
-23.359327,-2.408273
15.624567,-3.752061
-14.016740,-7.370422
-12.497410,-6.923501
-27.919811,-21.298976
-5.022594,-7.747372
-8.220066,12.011337
9.324774,-22.921236
14.479387,-28.773525
1.770234,27.960171
10.736596,-19.799078
-5.733065,20.389667
9.521225,-41.754434
-2.315226,-16.900128
-26.435525,-21.769120
-13.553675,-9.072049
12.488734,-18.246295
-22.527582,-30.708763
-22.888512,-10.496489
3.938985,39.046029
44.969803,7.806699
7.448114,-0.849329
-4.343685,-40.502734
-1.260310,-6.757619
-27.902491,-2.700204
4.030577,-0.300928
11.734680,-45.193148
-2.836705,45.396132
-17.354667,7.960175
-11.047821,-17.552841
-0.423365,22.592526
-17.352309,-30.330872
-16.594793,-14.539654
-10.837234,10.768722
-7.534847,-28.355615
-10.638219,-21.465374
-20.231564,34.127647
-5.619778,10.146373
-22.412561,-46.021956
5.258093,12.649196
21.829384,9.065556
28.672441,-17.922869
14.812678,-2.702165
10.060318,-0.271799
-6.272115,-10.771148
4.467839,-8.533121
-0.788270,22.993972
-10.677751,7.661637
4.091326,-14.546343
42.010885,-1.335195
4.724477,-22.351077
6.374760,-10.525568
-24.272677,-10.024531
17.523697,-15.294332
-3.261982,-16.654437
-9.064325,23.109409
10.635177,-42.322781
-21.856619,11.910189
-19.396837,6.575034
-17.807200,-7.443914
-11.728450,-4.901369
6.291150,6.571409
40.421093,-27.187322
-2.023090,29.950571
31.056720,-5.672448
25.286421,8.270237
-0.282259,7.057853
49.551701,11.193330
22.390240,10.464641
-13.411588,-38.293443
6.115377,2.745030
18.895489,-25.053687
-2.286584,0.263683
13.177822,39.322418
-4.344670,10.552294
20.726388,4.432973
9.104613,6.832629
-21.138413,-25.717190
-11.311887,-15.888431
-25.800307,9.183357
-9.359857,52.785366
-18.123585,-29.851465
6.983080,-1.479226
10.928934,-19.083630
17.727133,21.569448
-22.016999,-9.494511
27.613748,-7.538744
49.692629,-22.677525
6.207993,17.964091
19.060250,39.137637
34.586727,-4.855560
16.514760,-8.394457
7.441309,10.754068
-15.898211,10.887570
0.964982,7.495151
-10.335504,-5.630043
12.165510,-18.198224
-10.210613,-9.523756
8.759003,-8.035375
20.048150,23.195736
-13.247451,-5.321360
19.681839,-1.425071
-1.334983,5.467925
10.250556,11.300911
9.554538,23.975746
-18.576691,7.620507
-9.737906,-1.136608
28.454835,-18.362909
-39.150673,14.275820
-2.384816,12.953775
1.417345,8.481661
49.181144,15.095022
-8.394635,12.578289
-2.259753,-10.518970
-7.533575,-3.473832
5.319442,-15.929844
-43.775950,11.864600
5.173561,-7.617028
4.710620,9.463562
7.046338,-20.333756
-7.188401,5.602732
20.010322,23.004340
-4.983701,8.884203
1.403649,31.655568
-2.219791,10.133498
-12.291489,15.930091
-0.640485,-10.996849
-39.421300,-0.288548
24.847539,-24.240092
6.983887,6.057153
-20.671330,-10.661299
6.410799,-11.003155
12.721631,-15.618969
-3.973060,8.892959
-19.559951,-39.829334
12.728342,-24.856055
-18.322520,21.795683
-1.905820,12.373242
36.716885,18.846150
-15.466550,20.886789
22.926423,10.518346
-2.675876,-4.029231
42.187126,-5.309179
-13.092790,7.128784
31.599556,-22.829787
18.383343,13.443029
28.798971,-1.859684
-31.870057,5.461308
-28.489094,1.582911
-53.539692,-26.503049
7.898606,23.968036
-16.810638,-50.311488
20.359682,6.658333
-17.777523,-51.673804
54.106522,14.141701
33.846456,10.295905
-22.813415,-27.000516
20.704973,19.721822
18.879722,4.355381
8.861692,17.236120
-18.809672,-13.746424
-39.500889,8.998740
-27.522441,-13.557188
-10.324072,6.642915
-11.938097,10.072923
-7.873770,-15.002156
9.602516,-12.041088
19.113915,-24.987438
22.151518,-3.552343
35.185155,-0.742049
-12.888412,14.663885
6.542226,-3.777275
-25.090010,-17.617194
19.082066,22.104891
29.474621,-1.466074
-13.778809,27.715533
31.605358,25.003082
39.875669,-39.278241
9.351471,31.982915
-21.964107,27.459216
35.668417,38.535332
-39.830977,-2.593196
-17.658099,17.434135
-8.070237,26.107696
-11.037903,22.726112
45.360330,-1.420975
23.211929,-13.479704
-10.601816,11.768775
2.886911,3.790136
-16.476844,-2.184745
4.390039,-0.137559
9.760099,20.457831
30.717928,10.669686
-32.369510,-21.314990
32.815357,5.787036
12.272666,-7.099634
-3.095663,-16.050021
17.468963,20.354680
11.632599,-1.137134
-7.720072,-16.942558
-30.597267,1.878527
31.754595,11.624342
-10.106583,2.911621
18.121607,-14.653238
26.802813,-2.138675
-0.732771,13.134808
33.328786,-4.911394
3.733115,8.273666
-55.996147,39.129339
18.568133,17.398939
3.232490,27.741188
-22.327785,29.230176
-0.861950,-43.780708
-15.539567,-6.640109
-8.631149,7.396143
-22.297143,3.302571
8.978246,-22.056758
-28.751665,2.834253
42.397580,17.896126
-23.856246,-19.034115
-1.521319,30.992049
6.497184,-11.132728
17.850183,-13.754502
-5.860614,1.867985
-11.490907,31.042134
-21.102095,3.310874
0.238391,-2.532858
4.728245,7.497276
-20.058152,-17.718757
0.493687,11.814780
0.131202,2.077953
-6.184226,-22.243813
12.154720,-34.778814
-23.206345,5.181633
-16.008320,15.003644
-21.028912,4.812068
-6.501943,-0.315032
14.105992,-21.537187
13.200371,-35.119658
8.432057,18.342530
6.837993,38.078091
-25.534032,-6.717469
19.428960,-17.947357
17.825983,14.848242
-8.003137,6.008613
10.927178,-2.325872
42.278694,7.945514
-48.983966,26.700441
-3.852907,-0.918808
10.726962,-16.113875
-35.856753,-3.904085
6.356219,24.923621
-19.692112,-21.238827
11.726846,9.053261
12.352222,24.432424
-2.325853,6.802662
17.468634,23.727931
13.568673,11.722131
-13.938652,-49.573047
0.524054,18.713403
-25.198690,20.534520
15.668901,-14.670718
42.672323,24.769542
-2.023973,-23.829982
7.742789,-21.866274
-12.719887,17.121942
-16.406131,15.167837
-26.008563,-3.312338
5.613249,-14.457111
-28.416368,29.694828
-0.338428,12.656304
8.395238,35.754530
16.736753,-14.024081
-30.928736,5.269658
9.769362,19.289316
-11.551723,-6.964135
10.191490,-22.584564
13.893537,30.326399
27.046785,28.610441
22.075762,20.644218
-7.858511,6.575165
4.521432,26.676955
-8.967028,11.574592
-5.854465,19.735398
-0.059067,-24.798688
-7.717455,-6.172755
48.972638,31.794397
-24.534616,9.465409
-21.457426,1.461707
-27.134107,18.852802
-26.933658,11.475453
-10.652786,-0.201412
-13.842082,-11.581336
-16.733983,-36.757489
-7.769791,12.022716
-41.397752,2.993260
-8.017876,-33.704025
1.903088,-8.261131
-29.556781,3.634385
5.844611,-18.318330
12.592040,33.498207
-36.240187,-2.105055
-9.543666,-7.699746
-4.711956,-17.471935
4.332076,7.624533
6.882085,4.192157
-6.434905,-40.793408
-34.769888,-16.840931
-0.097716,12.490423
25.486854,-21.296787
-4.112138,19.063787
-6.560434,28.929534
1.731941,29.401339
-20.350577,20.511866
13.228467,-7.423278
-21.426835,6.022090
7.212668,27.382504
-2.358776,28.808237
32.050462,-3.777326
-11.757386,-8.015312
-17.455124,19.531290
-10.276911,-28.073741
-24.097210,11.530038
2.215385,35.150324
47.902808,-51.929627
-20.898996,4.027815
-29.916831,2.334022
-38.504182,5.024824
-32.736718,6.869599
-9.787015,6.945824
6.125323,-12.468122
-17.574179,-4.834558
26.387342,12.193302
0.799684,2.225232
62.262470,1.766658
-0.855938,-44.044466
10.563536,39.546457
17.163924,-15.159062
-3.548972,9.393380
13.700195,0.230137
-7.419516,-12.765673
4.982357,-1.227031
-0.853901,-9.850358
29.587237,-1.433265
-26.008309,8.438829
-22.965426,-14.708751
-6.167160,-13.508336
-0.755327,61.527587
7.990521,16.485466
3.177017,-24.347195
-34.647437,10.529679
2.869892,-1.156216
21.369858,22.090584
22.851526,-21.333513
30.035435,23.413363
-22.930169,-25.934839
-18.386468,10.780504
-12.648680,14.324022
-37.810458,-17.034683
20.474559,14.571376
-0.609022,7.752292
3.554281,-41.843786
7.449593,36.631321
21.057635,-28.670560
8.440311,4.660816
-5.648678,52.844805
-26.659228,-14.545969
-6.388394,-8.316262
-33.224216,-16.154667
8.305586,-27.734911
14.813642,12.545154
-5.768078,-3.180383
38.574426,-26.890344
-39.951068,5.991334
-35.945866,-14.377419
25.145053,2.769954
-1.829681,2.095862
-12.097182,-9.893766
-13.005327,-10.475013
26.453146,-21.808648
4.476250,10.811153
2.158824,26.650882
-32.583625,-22.146777
-6.907294,3.201444
31.391166,12.844374
25.890691,-7.149507
7.049005,11.358762
-8.529078,25.938940
56.484703,-2.666561
0.853782,3.430254
-13.500782,18.008537
33.037215,2.711639
-1.655165,-11.282241
-2.061964,-35.705231
36.366772,13.738260
41.999714,-28.251738
-2.470203,36.672075
35.529701,-5.690700
-5.783875,4.287612
-10.227148,-25.959812
-6.605166,-10.854626
12.450423,18.561836
-10.712373,23.116164
0.141979,-22.909574
14.410155,-7.435777
-6.925760,13.633407
-17.954646,0.368511
-13.003624,-19.390150
12.650192,1.755176
25.173724,14.066175
42.994402,-26.942724
-45.398813,28.560626
-25.382495,-23.330080
31.469199,-15.908572
26.387029,10.232176
-3.166697,1.261729
26.824166,15.227138
3.143121,44.100693
-7.504980,-51.083393
-27.358146,16.937303
25.352585,-4.452699
3.084700,-20.945864
-2.348409,16.179289
22.358301,-8.728356
-0.453026,7.095583
-14.494669,-15.984876
5.537710,-41.377387
11.914895,6.109424
-1.093818,-4.296285
15.322982,-11.522562
0.352460,5.358828
-19.426997,-27.007104
6.503517,-2.380492
-34.847133,18.260960
-31.699611,-4.913949
25.695733,-2.975644
20.762264,22.586822
30.786149,35.751248
-16.539530,15.826775
36.758575,17.805123
9.103889,-22.701599
21.920434,10.265806
27.107115,-13.021766
2.073973,-25.900065
-19.690461,-7.493837
-0.528900,34.709454
14.595370,5.661689
-15.185783,17.451478
13.172832,14.819886
-2.404378,3.947171
-36.470374,-13.744063
4.791520,-11.015210
-26.293512,5.719266
24.573436,-39.190010
-49.779819,0.397679
-21.108163,-24.119675
25.850678,-20.439282
6.194640,16.765020
19.578120,3.824240
8.560115,2.888723
3.909624,-15.620915
18.453254,-5.919990
7.070694,-7.633006
-19.088442,-26.375023
-0.863479,22.387224
-5.416979,8.444376
-67.653726,-19.896026
-19.236560,8.513818
27.474866,8.190406
10.999452,-32.566409
7.683031,-0.561132
6.837529,37.666948
35.224345,20.776881
-8.206466,-0.579588
-41.517737,-23.782864
15.697231,-14.876936
-7.337870,-1.094364
13.156210,-16.470418
30.544909,1.404290
-14.082960,-44.910268
-44.764061,-19.055261
-29.676826,11.873597
2.882159,-13.008452
-8.249397,-7.144064
3.995187,10.750867
-1.550820,5.760118
1.846874,21.485976
-22.677023,-20.115756
35.168394,-35.639470
0.613467,28.158337
-10.936915,15.138440
7.900603,-22.773625
-15.809819,4.615243
19.047684,16.796101
-35.616501,-23.739191
3.728499,34.784952
33.640178,-18.867784
-42.581458,-6.454349
-17.453929,-8.885700
18.386927,9.520757
6.788167,-5.498045
-4.997518,-35.190019
15.780699,33.409128
-7.797639,9.998539
2.539347,22.504634
10.888283,-19.227170
28.005513,-26.117416
-1.645599,39.890481
17.827505,-33.044828
-12.991197,-36.257598
-5.993170,-17.977571
14.311607,22.141247
-21.426409,-3.862595
-9.511055,-7.964369
5.218196,1.742360
-13.462223,-22.913306
9.021187,-7.014545
-40.727578,-2.509936
-6.850876,23.304304
11.189226,3.964404
3.155631,12.077539
18.035830,19.719986
-19.461900,0.442444
-5.285996,10.136820
-9.335988,23.306137
-36.936469,-14.873873
41.122751,-23.157529
-45.867337,-6.551198
-53.421165,-3.906711
